html_overview	https://www.tutorialspoint.com/html/html_overview.htm
html_basic_tags	https://www.tutorialspoint.com/html/html_basic_tags.htm
html_elements	https://www.tutorialspoint.com/html/html_elements.htm
html_attributes	https://www.tutorialspoint.com/html/html_attributes.htm
html_formatting	https://www.tutorialspoint.com/html/html_formatting.htm
html_phrase_elements	https://www.tutorialspoint.com/html/html_phrase_elements.htm
html_meta_tags	https://www.tutorialspoint.com/html/html_meta_tags.htm
html_comments	https://www.tutorialspoint.com/html/html_comments.htm
html_images	https://www.tutorialspoint.com/html/html_images.htm
html_tables	https://www.tutorialspoint.com/html/html_tables.htm
html_lists	https://www.tutorialspoint.com/html/html_lists.htm
html_text_links	https://www.tutorialspoint.com/html/html_text_links.htm
html_image_links	https://www.tutorialspoint.com/html/html_image_links.htm
html_email_links	https://www.tutorialspoint.com/html/html_email_links.htm
html_frames	https://www.tutorialspoint.com/html/html_frames.htm
html_iframes	https://www.tutorialspoint.com/html/html_iframes.htm
html_blocks	https://www.tutorialspoint.com/html/html_blocks.htm
html_backgrounds	https://www.tutorialspoint.com/html/html_backgrounds.htm
html_colors	https://www.tutorialspoint.com/html/html_colors.htm
html_fonts	https://www.tutorialspoint.com/html/html_fonts.htm
html_forms	https://www.tutorialspoint.com/html/html_forms.htm
html_embed_multimedia	https://www.tutorialspoint.com/html/html_embed_multimedia.htm
html_marquees	https://www.tutorialspoint.com/html/html_marquees.htm
html_header	https://www.tutorialspoint.com/html/html_header.htm
html_style_sheet	https://www.tutorialspoint.com/html/html_style_sheet.htm
html_javascript	https://www.tutorialspoint.com/html/html_javascript.htm
html_layouts	https://www.tutorialspoint.com/html/html_layouts.htm
html_tags_reference	https://www.tutorialspoint.com/html/html_tags_reference.htm
html_attributes_reference	https://www.tutorialspoint.com/html/html_attributes_reference.htm
html_events_reference	https://www.tutorialspoint.com/html/html_events_reference.htm
html_fonts_reference	https://www.tutorialspoint.com/html/html_fonts_reference.htm
html_color_names	https://www.tutorialspoint.com/html/html_color_names.htm
html_entities	https://www.tutorialspoint.com/html/html_entities.htm
html_fonts_ref	https://www.tutorialspoint.com/html/html_fonts_ref.htm
html_events_ref	https://www.tutorialspoint.com/html/html_events_ref.htm
language_iso_codes	https://www.tutorialspoint.com/html/language_iso_codes.htm
html_deprecated_tags	https://www.tutorialspoint.com/html/html_deprecated_tags.htm
html_useful_resources	https://www.tutorialspoint.com/html/html_useful_resources.htm
html_color_code_builder	https://www.tutorialspoint.com/html/html_color_code_builder.htm
IntroductiontoWebTechnologies-Part1|WebTechnologiesTutorial	JsbxB2l7QGY
IntroductiontoHTML-Part2|WebTechnologiesTutorial	3GGmmVp6iOc
DeprecatedElements-HTML|WebTechnologiesTutorial	uLhiX0HUTMY
HTML-DIVandSPANTags|WebTechnologiesTutorial	CH1GQDgBOMY
HTML-Comments,DTD,UTF,Lang|WebTechnologiesTutorial	BX0zp9ksvMc
HtmlDocumentHeadSection-WebTechnologies|UITechnologiesTutorial	1jjopT5FNdk
BodyTag,TypesofAttributes,Colorcodes|WebTechnologiesTutorial	SboEPKl68so
SpecialCharactersandPresentationalTagsHTML|WebTechnologiesTutorial	v9FhYnMh81o
HtmlBasicTagswithExamples|WebTechnologiesTutorial	CJUbgMWxG1Q
HTMLMarqueetag,Pretag|WebTechnologiesTutorial	aShpXTo6kv0
HtmlTabletag|WebTechnologiesTutorial	Rlaz_5AnPy4
HtmlImageTag,AnchorTag|WebTechnologiesTutorial	zCSgcTxhNBY
HtmlFrames|WebTechnologiesTutorial	FIBocnLh2Yc
HTMLForms-Part1|WebTechnologiesTutorial	6p9s0GuPGn0
HTMLForms-Part2|WebTechnologiesTutorial	aa1SoYQ62NQ
HTMLLists|WebTechnologiesTutorial	fmTLhkFmB60
TypesofStyleSheets|WebTechnologiesTutorial	O_WdaMxiIpc
IntroductiontoCSS|WebTechnologiesTutorial	lNEp3qv2lO8
IntroductiontoHTML5||WebTechnologiesTutorial	FHgwZcN9w7A
SemanticsinHTML5|WebTechnologiesTutorial|Mr	PeifcSYWDgQ
InlineElementsinHTML5|WebTechnologiesTutorial|Mr	6lC12Gx6UqM
HTML5InputTypes2	NJWxxrz8uJI
HTML5Forms2	eag8yJyCUfA
HTML5FormAttributes|WebTechnologiesTutorial|Mr	o-ZcFeTxvJA
IntroductiontoSVG|WebTechnologiesTutorial|Mr	lWnm71QrMsg
MathematicalMarkupLanguage(MathML)|WebTechnologiesTutorial|Mr	gAux-vNEuIU
XHTMLandCSSTutorial-1-DownloadingaTextEditor	cqszz_OfAFQ
XHTMLandCSSTutorial-2-CreatingourFirstWebpage	k3dJKtQmyd0
XHTMLandCSSTutorial-3-bodyandheaders	JEacEPCxjl4
XHTMLandCSSTutorial-4-ParagraphsandLineBreaks	3R3QXXnF7FM
XHTMLandCSSTutorial-5-Bold,Italics,andComments	r7HHAdP44qM
XHTMLandCSSTutorial-6-AddingLinkstoourWebpage	01rd3zmSm_Y
XHTMLandCSSTutorial-7-CreatingaLinkWithinaWebPage	tUemovUZHOo
XHTMLandCSSTutorial-8-EmailLinksandToolTips	t_L6GPushfw
XHTMLandCSSTutorial-9-AddingImagestotheWebpage	wOdIYPMFhsY
XHTMLandCSSTutorial-10-ResizingImages	bcO7-5zYY-4
XHTMLandCSSTutorial-11-Tables	bhcnHsrP42U
XHTMLandCSSTutorial-12-TableHeadersandMovieStars!	08sa1JEc9-U
XHTMLandCSSTutorial-13-colspan&AnnoyingPeople	Zv4nn8ikGoc
XHTMLandCSSTutorial-14-Tablewidth,cellpadding,andcellspacing	rdFJmCVnDGQ
XHTMLandCSSTutorial-15-Lists	QLXFwzHvxak
XHTMLandCSSTutorial-16-IntrotoCSS	-psgK1hrNNk
XHTMLandCSSTutorial-17-RGBColorandLineSpacing	ZzyFj4BItFc
XHTMLandCSSTutorial-18-font-weight&font-style	sW6CRoJaaoI
XHTMLandCSSTutorial-19-text-alignandChangingBackgroundColor	4IYs-B0lwhw
XHTMLandCSSTutorial-20-BackgroundImages	jWn1nWIFbV0
XHTMLandCSSTutorial-21-Padding	tOkQKpb7CVY
XHTMLandCSSTutorial-22-Border	5NSchEMGW-k
XHTMLandCSSTutorial-23-Margin	veKHw125UJs
XHTMLandCSSTutorial-24-Width&Height	ykAyT_wKXZ0
XHTMLandCSSTutorial-25-StylingLinks	9NwvMak3x1k
XHTMLandCSSTutorial-26-StylingTables	ZCurFMtOPKI
XHTMLandCSSTutorial-27-StylingUnorderedLists	8vsaVX7Yg4Q
XHTMLandCSSTutorial-28-StyleMoreThanOneElements&Span!	RRSjALnurmA
XHTMLandCSSTutorial-29-div	e0ONAShY53w
XHTMLandCSSTutorial-30-StylingUsingClasses	YLFSWqWxvtU
XHTMLandCSSTutorial-31-ID's	fg6PMJDvR4I
XHTMLandCSSTutorial-32-ChildSelectors	OnS6_XSsi8Y
XHTMLandCSSTutorial-33-PseudoElements	vzW9zD5yZoE
XHTMLandCSSTutorial-34-ExternalStyleSheets	BtAQsk2UYks
XHTMLandCSSTutorial-35-OverridingStyles	-z6kay70cYI
XHTMLandCSSTutorial-36-AbsolutePositioning	f7nzTlj2KxY
XHTMLandCSSTutorial-37-RelativePositioning	8BZS--kcMZ0
XHTMLandCSSTutorial-38-FixedPositioning	ugrO4oV5-oI
XHTMLandCSSTutorial-39-MaxWidth&Height	7-pBOx38umo
XHTMLandCSSTutorial-40-IntroductiontoForms	guBd82TM8Vs
XHTMLandCSSTutorial-41-CheckBoxes&RadioButtons	JXlIRdIhMyI
XHTMLandCSSTutorial-42-DropDownLists	lkAJGhpnPLw
XHTMLandCSSTutorial-43-TextAreas	bcE6XOr1N2c
XHTMLandCSSTutorial-44-Passwords&UploadButtons	FjnjGwZnPOI
XHTMLandCSSTutorial-45-SubmittingForms	v2HjsFllYk8
XHTMLandCSSTutorial-46-HowtoPublishYourWebsite!	q_8i8EBweT8
HTML5andCSS3beginnerstutorial1-Introduction	LqvFIuVlyP8
theplaylisthasbeenupdated	nfD86x0cU8Q
HTML5andCSS3beginnerstutorial2-creatingourfirstwebpage	rzNcKm7SXe8
HTML5andCSS3beginnerstutorial3-linebreaks,paragraphsandheaders	-IOX9KgMK3w
HTML5andCSS3beginnerstutorial4-bold,italicsandcomments	PfIAw7qC4D0
HTML5andCSS3beginnerstutorial5-lists	jFdY0wHSB_w
HTML5andCSS3beginnerstutorial6-linkingtoanotherpage	jc1ciZtQsjY
HTML5andCSS3beginnerstutorial7-images	G98Bjyzzduk
HTML5andCSS3beginnerstutorial8-directorystructures	_DdmnBeE9mE
HTML5andCSS3beginnerstutorial9-Newaudiotag	_5GzWskBSOg
HTML5andCSS3beginnerstutorial10-Newvideotag	aS83ghu7uog
HTML5andCSS3beginnerstutorial11-IntrotoCSS	11miJPdgNRg
HTML5andCSS3beginnerstutorial12-Externalstylesheet	uDyd_3xx0Lk
HTML5andCSS3beginnerstutorial13-fontproperties	xx5kljZ2E30
HTML5andCSS3beginnerstutorial14-CSScomments	4JE3WNIyyoo
HTML5andCSS3beginnerstutorial15-boxmodel,padding	8Jp9PUeePPk
HTML5andCSS3beginnerstutorial16-boxmodel,border	hfiDTY3rz9U
HTML5andCSS3beginnerstutorial17-boxmodel,margin	vw75V0ltGhA
HTML5andCSS3beginnerstutorial18-divandspan	GuUF1ZHEj_o
HTML5andCSS3beginnerstutorial19-workingwithcolors	6RVuU2hbCsA
HTML5andCSS3beginnerstutorial20-backgroundimages	c7VYKF-pAho
HTML5andCSS3beginnerstutorial21-classes	TXPpChkDhEU
HTML5andCSS3beginnerstutorial22-ID's	8YBKAsJF9Jg
HTML5andCSS3beginnerstutorial23-childselectors	cKYDu-JUbs8
HTML5andCSS3beginnerstutorial24-pseudoclasses	jFykuYxdPy4
HTML5andCSS3beginnerstutorial25-morepseudoclasses	GOhTbAiAXPc
HTML5andCSS3beginnerstutorial26-nthchildpseudoclass	r6Ya_JSOkYQ
HTML5andCSS3beginnerstutorial27-stylinglinks	2KQx4POL7Xg
HTML5andCSS3beginnerstutorial28-stylinglists	NnQBXRzTysU
HTML5andCSS3beginnerstutorial29-roundedcorners	-31eJBT4tv4
HTML5andCSS3beginnerstutorial30-lineargradient	ox0qseOFzHQ
HTML5andCSS3beginnerstutorial31-floatandclear[part1]	XVh6tYv4Mig
HTML5andCSS3beginnerstutorial32-floatandclear[part2]	GiuloMzpwyY
HTML5andCSS3beginnerstutorial33-Newtagsforthelayout	r2RK_rjPCyU
HTML5andCSS3beginnerstutorial34-creatingawebsitelayout[part1]	5S8KeQnvSQ0
HTML5andCSS3beginnerstutorial35-creatingawebsitelayout[part2]	ZlbGTWcQv2k
HTML5andCSS3beginnerstutorial36-creatingawebsitelayout[part3]	1Q_MyqXtZZM
HTML5andCSS3beginnerstutorial37-creatingawebsitelayout[part4]	bnRJBbysmTA
HTML5andCSS3beginnerstutorial38-creatingawebsitelayout[part5]	9tHLNssPW2w
HTML5andCSS3beginnerstutorial39-creatingawebsitelayout[part6]	BGz-kBu3TcM
HTML5andCSS3beginnerstutorial40-creatingawebsitelayout[part7]	EggHjjnC0fY
HTML5andCSS3beginnerstutorial41-introductiontotables	P6S6oKROlg8
HTML5andCSS3beginnerstutorial42-colspanandrowspan	M8g-lDVCVEo
HTML5andCSS3beginnerstutorial43-stylingtables	7ywASVNrbhs
HTML5andCSS3beginnerstutorial44-introductiontoforms	QsW0cjsBf6o
HTML5andCSS3beginnerstutorial45-textandpasswordfields	AWqUHx0GcjA
HTML5andCSS3beginnerstutorial46-selectlists	9iWBbkMNI90
HTML5andCSS3beginnerstutorial47-checkboxesandradiobuttons	pCa3-RdFWas
HTML5andCSS3beginnerstutorial48-textarea	Kcn3QwFfaUM
HTML5andCSS3beginnerstutorial49-buttons	enYp4AEAIfs
HTML5andCSS3beginnerstutorial50-labelsandfieldsets	LuJulyokmjE
HTML5andCSS3beginnerstutorial51-stylingforms	F7A5p2Xah0U
HTMLvideotutorial-02-HTMLstandsfor	72ZS8IunqQ4
HTMLvideotutorial-03-Features&limitationsofHTML	SMqmJS_psYw
HTMLvideotutorial-04-Creatingawebpageusingnotepad	kjYfySVAJ4I
HTMLvideotutorial-19-htmlfonttag	Qy_VX9j4SV8
HTMLvideotutorial-20-colornamesvshexadecimalcolorvalues	FNe2vmUsLiQ
HTMLvideotutorial-22-htmlbgcolorattributeandhtmltextattribute	80hVS4iCU14
HTMLvideotutorial-23-htmlbackgroundattribute	QQj-ULba4_0
HTMLvideotutorial-24-htmlptag	smaZvGlhJlQ
HTMLvideotutorial-25-Worpaddoctohtmlwebpage	et7eW7AHEg0
HTMLvideotutorial-26-ImportanceofCodeIndentinginhtml	u3Wt1stcWt8
HTMLvideotutorial-27-htmlhrtag	K0QsCbeMXkw
HTMLvideotutorial-28-htmlimgtag	R72N-B-cpfo
HTMLvideotutorial-29-htmlmarqueetag	4c7VLPZNW5w
HTMLvideotutorial-30-htmloltagandhtmllitag	InR4D-B4L8k
HTMLvideotutorial-31-htmlultagandhtmllitag	RJbasLJborg
HTMLvideotutorial-32-Nestinglistsinhtml	Q1zJ14jqCTs
HTMLvideotutorial-33-htmldltag,htmldttagandhtmlddtag	NIdqMpv_Omk
HTMLvideotutorial-34-htmlatagforhypertext	EuLfUUqoEqU
HTMLvideotutorial-35-htmltargetattribute	bQPRYS7Gx1I
HTMLvideotutorial-36-htmlimageashyperlink	Cl8Msmm_r7U
HTMLvideotutorial-37-htmlnavigationwithinsamepage	wcW8UyUrZJU
HTMLvideotutorial-38-htmlnavigatetoasectionwithinanotherpage	fjrviv5pw5M
HTMLvideotutorial-39-htmlembeddinganimage	VvQ4oVVoq3A
HTMLvideotutorial-41-htmlembeddingvideo	ogop5qc6V24
HTMLvideotutorial-42-htmlembeddingaudio	0YPjkVAxzgk
HTMLvideotutorial-43-htmlatagvsfileformats	zsdSpbWFjVE
HTMLvideotutorial-44-htmllinktoemailaddress	XGmPSB2TscY
HTMLvideotutorial-45-htmlimagemap	6PMgqzGGDRU
HTMLvideotutorial-46-htmlformtag	3VZiqUj_9z8
HTMLvideotutorial-47-htmlinputtagandtype="text"	CKfIVNyleXo
HTMLvideotutorial-48-htmlinputtagandtype="password"	a_jkWXdAbgM
HTMLvideotutorial-49-htmlinputtagandtype="radio"	t3AY4chQDD4
HTMLvideotutorial-50-htmlinputtagandtype="checkbox"	kPrZdhJHU1c
HTMLvideotutorial-51-htmlselecttagandoptiontag	70J7RvN_aYY
HTMLvideotutorial-52-htmltextareatag	C4LYuZSiiws
HTMLvideotutorial-53-htmlinputtagandtype="submit"	GMXCjDrjz2A
HTMLvideotutorial-54-htmlinputtagandtype="reset"	QJIlaYemK_4
HTMLvideotutorial-55-typesofbuttoninhtml	iZG2fho6v2Y
HTMLvideotutorial-56-htmlrequiredattribute	W_5AvbBkx78
HTMLvideotutorial-57-htmltabletag,htmltrtagandhtmltdtag	Kzi6ZdUUtgY
HTMLvideotutorial-58-htmlthtag	fghXCQ6KEg8
HTMLvideotutorial-59-htmltablebgcolorattribute	Ze7Ve2bRf5Y
HTMLvideotutorial-60-htmltablewidthandhtmltableheightattribute	gjDibAhaiwc
HTMLvideotutorial-61-htmlalignandhtmlvalignattribute	B_OFz9i-RHA
HTMLvideotutorial-62-htmltablerowspanandtablecolspanattribute	Qpx6uquFOms
HTMLvideotutorial-63-CreatingProfileusinghtml-Part1	8Gke1-WeovE
HTMLvideotutorial-64-CreatingProfileusinghtml-Part2	aMAr5YG5VSs
HTMLvideotutorial-65-CreatingProfileusinghtml-Part3	V12D4R6L3TA
HTMLvideotutorial-66-CreatingProfileusinghtml-Part4	d9QcGbjTL6Y
HTMLvideotutorial-67-CreatingProfileusinghtml-Part5	Od8yerastyw
HTMLvideotutorial-69-CreatingProfileusinghtml-Part7	yAIUJIauzXY
HTMLvideotutorial-70-CreatingProfileusinghtml-Part8	_OzmwG_hbUc
HTMLvideotutorial-71-CreatingProfileusinghtml-Part9	deAUxz8RSx8
HTMLvideotutorial-72-CreatingProfileusinghtml-Part10	xnRBrMfGhZw
HTMLvideotutorial-73-htmlframesettagandhtmlframetag-Part1	LkquxqE1Lxg
HTMLvideotutorial-74-htmlframesettag-Part2	MSZqWsfmXAs
HTMLvideotutorial-75-nestingofframesettags	KKG33uOuXDk
HTMLvideotutorial-76-htmliframetag	dhV0DvtKfBc
HTMLvideotutorial-77-iframetagvsobjectembedtags	ZNy2ajRiGXc
HTMLvideotutorial-80-htmlstyletag	3t9aM8tQ3mI
HTMLvideotutorial-81-htmldivtag	YwJgtVjG2pg
HTMLvideotutorial-82-htmlspantagvsdivtag	22laibNbSE8
HTMLvideotutorial-83-Introductiontocssboxmodel	hL93pLKLSLs
HTMLvideotutorial-84-Introductiontocssselectors	N6yqHtTaa58
HTMLvideotutorial-85-htmlcssfloatingimages	P2CGjDt8USE
HTMLvideoturorial-86-cssfloatpropertyindepth-part1	Mml_GM4PVpY
HTMLvideotutorial-87-cssfloatproperty-Part2	OUXjbr04X4U
HTMLvideotutorial-88-layoutdesignusingtablevsdivtag-Part1	BcEEMDCc_SM
HTMLvideotutorial-89-layoutdesignusingtablevsdivtag-Part2	uiD7PaTAwiA
HTMLvideotutorial-90-layoutdesignusingtablevsdivtag-Part3	7w047W61bso
HTMLvideotutorial-91-layoutdesignusingtablevsdivtag-Part4	oe_nGwPk83Q
HTMLvideotutorial-92-layoutdesignusingtablevsdivtag-Part5	XmKz6NWKArs
HTMLvideotutorial-93-layoutdesignusingtablevsdivtag-Part6	hUOoUQ6JF9M
HTMLvideotutorials-94-layoutdesignusingtablevsdivtag-Part7	M5vXLyxC_Y0
HTMLvidotutorial-95-layoutdesignusingtablevsdivtag-Part8	8kh-GCxihTg
HTMLvideotutorial-96-Layoutdesignusingtablevsdivtag-Part9	YqID58e9cUY
HTMLvideotutorial-97-IntroductiontoHTML5	6jvG-GZtiu0
HTMLvideotutorial-98-TypicalstructureofHTML5document	tqsE_P8fB4c
HTMLvideotutorial-99-IntroductiontoHTMLcomments	_QPjxYJKeNc
HTMLvideotutorial-100-HTML5structraltags	MBPcP-IBo5w
HTMLvideotutorial-101-HTML5forms-Part1	FeMNC8-oREg
HTMLvideotutorial-102-HTML5forms-Part2	6gv0nCuwgDs
HTMLvideotutorial-103-HTML5forms-Part3	KUyDYe9hjEg
HTMLvideotutorial-104-html5videotag-Part1	fyuWDANi7Y0
HTMLvideotutorial-105-html5videotag-Part2	H77m14Du9O0
HTMLTutorial-1:Introduction	rvsV3vsneGE
HTMLTutorial-2:MetaTaginHTML	CgBNNvHzgIA
HTMLTutorial-3:Headings	baHIgWUqYa0
HTMLTutorial-4:Paragraph&LineBreaks	P6IXnqX-BAQ
HTMLTutorial-5:TheCenterTagandNon-BreakingSpaces	gKdshDa-dTA
HTMLTutorial-6:ThePreTag&HorizontalRules	z4eSsvrRMH8
HTMLTutorial-7:TheBold,ItalicandUnderlineTags	rmqyIN3KvA8
HTMLTutorial-8:SuperscriptandSubscriptTags	or0S3hMbGcQ
HTMLTutorial-9:TheBigandSmallTags	u0-vdxrSY5I
HTMLTutorial-10:TheEmphasizeandStrongTags	plxdX4wOtBY
HTMLTutorial-11:TheBlockquoteandQuoteTags	SNEABGfkWhQ
HTMLTutorial-12:CommentsinHTML	nMPzlUBPn-A
HTMLTutorial-13:TheFontTag	JUDTaumYZHY
HTMLTutorial-14:InsertingImages	8Q1RGIdFNeE
HTMLTutorial-15:ExternalLinks	gHZvSOwqwbs
HTMLTutorial-16:RelativeLinking	6dEHR-3_XTo
HTMLTutorial-17:EmbeddingLinksUnderImages	Hnhh-aM0g2s
HTMLTutorial-18:EmailLinks	n_MkyP8pB7Y
HTMLTutorial-19:OrderedLists	xPDK7BHCBVI
HTMLTutorial-20:UnorderedLists	Y1B-s8X3QkA
HTMLTutorial-21:DefinitionLists	l1dutY9f5pI
HTMLTutorial-EmbeddingAudioinWebPages	MpILBRwLb94
HTMLTutorial-EmbeddingVideoClipsinWebPages	AHNKjzejo7s
HTMLTutorial-24:Tables	jo75QWOXHs8
HTMLTutorial-25:ChangingBackgroundColor	heP9tt5Kap0
HTMLTutorial-26:Forms(Part-1)	E__x4jlBrP4
HTMLTutorial-27:Forms(Part-2)	nIB_eg9ktqk
HTMLTutorial-28:Conclusion	-dh72F8_4cg
CourseIntroduction(30DaystoLearnHTMLandCSS)	yTHTo28hwTQ
Day1:YourFirstWebpage(30DaystoLearnHTML&CSS)	bfqBUDk99Tc
Day2:FindingaProperCodeEditor(30DaystoLearnHTML&CSS)	-8IoQTg5Ybs
Day3:Lists(30DaystoLearnHTML&CSS)	KHT6scxGm38
Day4:Parent-ChildRelationships(30DaystoLearnHTML&CSS)	Pf8xmAZYZC4
Day5:HeadingTags(30DaystoLearnHTML&CSS)	1JFeWDZ-2D8
Day6:Blockquotes(30DaystoLearnHTML&CSS)	P7KU6mqdmJ0
Day7:Anchors(30DaystoLearnHTML&CSS)	xIFZdFeGgoE
Day8:YourFirstStylesheet(30DaystoLearnHTML&CSS)	o1Vqr1MdRmg
Day9:CleanProjectStructures(30DaystoLearnHTML&CSS)	g7js1fW4AZw
Day10:Images(30DaystoLearnHTML&CSS)	xLDZvePzgK8
Day11:TheNecessityofDivs(30DaystoLearnHTML&CSS)	28z80vRCHYo
Day12:IDsandClasses(30DaystoLearnHTML&CSS)	4A2NP5TdDBg
Day13:AnAssignment(30DaystoLearnHTML&CSS)	bEuTfgwb6lU
Day14:AssignmentSolutions(30DaystoLearnHTML&CSS)	yb_xJJXUvyg
Day15:Floats,andaSimpleLayout(30DaystoLearnHTML&CSS)	4qEh8bwDW0I
Day16:NavigationandLists(30DaystoLearnHTML&CSS)	f62FD8t4aPU
Day17:IntroductiontoForms(30DaystoLearnHTML&CSS)	4DS4z20ZGyI
Day18:ImageReplacement(30DaystoLearnHTML&CSS)	jnG3mtEhpRQ
Day19:TheBasicsofTypography(30DaystoLearnHTML&CSS)	AKMgc4rzTrc
Day20:RelativeandAbsolutePositioning(30DaystoLearnHTML&CSS)	6Z8I8sOinUo
Day21:CreatingaWebsiteFragment(30DaystoLearnHTML&CSS)	AqAFnB-z8-Q
Day22:TheImportanceofValidation(30DaystoLearnHTML&CSS)	VIgxwR9AVrk
Day23:ZenCoding(30DaystoLearnHTML&CSS)	65QhaSFuxdo
Day24:ResetsandNormalizing(30DaystoLearnHTML&CSS)	IgFfsZfkd24
Day25:CSSFrameworks(30DaystoLearnHTML&CSS)	tm84gW72KFU
Day26:FinalProjectMarkup(30DaystoLearnHTML&CSS)	CilS1-ukeUA
Day27:SlicingaPSD(30DaystoLearnHTML&CSS)	j4kTLpezHDI
Day28:HowtoCreateSnippets(30DaystoLearnHTML&CSS)	Hr9dv5FCpZw
Day29:TheCSSforOurWebsite(30DaystoLearnHTML&CSS)	zvSR_2v5xj8
Day30:CompletingtheWebsite(30DaystoLearnHTML&CSS)	I9dNFHasF_U
CourseExit(30DaystoLearnHTML&CSS)	cUgpPAP0lUM
HTML-Introduction	NAEHbzXMNpA
HTML-GettingStarted	uoMCY2FhPAE
HTML-BasicTags	uMIjPKUXEEE
HTML-FormattingTags	4ZunanytE88
HTML-PhraseTags	nurQlBDhFLY
HTML-MetaTag	O3P01QDvdqY
HTML-Comments	u0WYSDbmoj8
HTML-Images	K-GFNxiV7W0
HTML-Tables	GuOb9t1zeQg
HTML-Hyperlink	VuNS-OA9CZA
HTML-Frames	HYQJyTdph5E
HTML-IFrames	uf_vad2ViPM
HTML-Blocks	Ql64muSQcCw
HTML-Fonts	z_HqwA70Op8
HTML-FormTag	2PgE7MpKzZU
HTML-Marquee	HBCf2qDeVGQ
HTML-EmbeddingMedia	nFCulrQ_IZ0
HTMLTutorialforBeginners01-HTMLIntroduction	Y1BlT4_c_SU
HTMLTutorialforBeginners02-WhatisHTML?	cZCq8lQ-vZ0
HTMLTutorialforBeginners03-HTMLSyntax&Structure	IJWcX2EDAKg
HTMLTutorialforBeginners04-YourFirstWebPage	MnaKa7igX7k
HTMLTutorialforBeginners05-HeadandBodyTag	mNRzWMH5xK0
HTMLTutorialforBeginners06-HeadingsandText	XxZPrn1VFTc
HTMLTutorialforBeginners07-HeadingStructure	UWdepvkLE8U
HTMLTutorialforBeginners08-DefaultBrowserStyles	OwC4xNWihoM
HTMLTutorialforBeginners09-TheimgTag	g6xsNHnAmlE
HTMLTutorialforBeginners10-HTMLLinks	f8pAb3IuECk
HTMLTutorialforBeginners11-HTMLLists	HeQvQEiGMKk
HTMLTutorialforBeginners12-HRandBRTags	xkF-cKpzREU
HTMLTutorialforBeginners13-ThedivTag	-XQlr727A8w
HTMLTutorialforBeginners14-ID'sandClasses	9UNmumTYuq8
HTMLTutorialforBeginners15-AddingCSStoHTML	Tc4IsPFB01E
HTMLTutorialforBeginners16-AddingJavaScripttoHTML	Gd0RBdFRvF0
HTMLTutorialforBeginners17-WhatToDoNext	xuA8kt2xnv8
HTML5Tutorial-1-Introduction	Mp0f0zTPLec
HTML5Tutorial-2-CreatingaBasicTemplate	qseNjA-73Fw
HTML5Tutorial-3-Settingupthebody	eDR7zpVfX_4
HTML5Tutorial-4-AddingtheMeat!	go5U9wfM9h4
HTML5Tutorial-5-AttributeSelectors	a5KD47HDRho
HTML5Tutorial-6-Introductiontopseudo-classes	0pb81VdSO_E
HTML5Tutorial-7-negationpseudo-class	JaLebQ-QDVo
HTML5Tutorial-8-SweetNewCSS3Selectors	tIznbrsfQZQ
HTML5Tutorial-9-LayingOuttheWebsite	Q7eoOSZ7JdY
HTML5Tutorial-10-StartingtheStyling	P71U-doyzNg
HTML5Tutorial-11-StylingtheNavigationMenu	8uTNq7fs5-s
HTML5Tutorial-12-MakingEverythingPretty	yNtIO4X6cag
HTML5Tutorial-13-FinishingtheLayout	tzAEGnBNAn0
HTML5Tutorial-14-FlexibleBoxModel	xgYmccJ61eA
HTML5Tutorial-15-StylingtheHeaderandNavigation	bi7ccKky8JU
HTML5Tutorial-16-FinishingtheFlexibleBoxModelLayout	F1uzS6PAjuc
HTML5Tutorial-17-ReversingtheBoxOrder	iTEgQP87IhQ
HTML5Tutorial-18-MoreFlexibleBoxModelTricks!	6L2DQkf0oR8
HTML5Tutorial-19-FinishinguptheFlexibleBoxModel	s_4zvAMU4BY
HTML5Tutorial-20-RoundedCornersandShadows!	fCU641pu6ys
HTML5Tutorial-21-TextShadows,Gradients,andAlpha	ritFiWDm08g
HTML5Tutorial-22-CrazyTransformations	jRWGqBUNk_c
HTML5Tutorial-24-MakingAwesomeRolloverButtons	WCsuxaqpQP8
HTML5Tutorial-25-WorkingwithJavaScriptinHTML5	L-FM97j7MyY
HTML5Tutorial-26-querySelectorAll	f15cVPPbjMI
HTML5Tutorial-27-PlayingVideoonYourWebsite	Gas8f7dJfWc
HTML5Tutorial-29-MakingYourSkinLookPretty!	p1bTTHVhlfM
HTML5Tutorial-30-StylingtheDefaultandProgressBars	d8PRA5kqL9s
HTML5Tutorial-31-ProgrammingtheVideoPlayer	M9dUfcmpuJY
HTML5Tutorial-32-PlayingandPausingtheMovie	wX0CdtO_1T0
HTML5Tutorial-33-HowtoUpdatetheProgressBar	6Ag9Gnv0o_8
HTML5Tutorial-34-FinishingUptheVideoPlayer!	FtvGVpSg4wA
HTML5Tutorial-35-TheCanvasElement	wyaEthRt330
HTML5Tutorial-36-DrawingShapesontheCanvas	t51omnjifl0
HTML5Tutorial-37-GradientsontheCanvas	FWB7SF9TM-A
HTML5Tutorial-38-MakingSweetCustomShapes!	1RdNGbfT_ok
HTML5Tutorial-39-WorkingwithTextandShadows	Pa9ASGA3m8U
HTML5Tutorial-40-Transformations	vU_wNPd3R_Q
HTML5Tutorial-41-SavingandRestoringtheCanvas	mqP8aWI758Q
HTML5Tutorial-42-ImagesontheCanvas	HM112U8pOWk
HTML5Tutorial-43-AnimationforGames!	4nRg5ljNpsc
HTML5Tutorial-44-DragandDrop	Kfi3uRJS6hA
HTML5Tutorial-45-WorkingontheDragandDropProgram	-2qhd7uJkn8
HTML5Tutorial-46-FinishingtheDragandDropProgram!	SWR5ojeSmvM
HTML5Tutorial-47-SpiceitUp	e6t-8EoT2HM
HTML5Tutorial-48-WebStorageAPI	PN0RgFnRxAQ
HTML5Tutorial-49-MakingtheWebStorageProgramPretty	Xq9KKJfbzg4
HTML5Tutorial-50-SavingData	AUOe6E7GgP8
HTML5Tutorial-51-RetrievingandDisplayingStoredData	1pz9zExrj5o
HTML5Tutorial-52-MakingSomethingUseful	zG-mivHf1_I
HTML5Tutorial-53-SavingDataWhileVisitingOtherWebsites	Kn_AIiV6Cp0
IntroductiontoHTML&CSSCourse|WhatAreYouGoingtoLearninThisHTMLCourse|mmtuts	TKYsuU86-DQ
1:HowtoGetStartedWithHTML&CSS|HTMLTutorialforBeginners|LearnHTMLandCSS|mmtuts	pm5OVxpul48
2:Let'sCreateOurFirstHTMLProjectandDocument|LearnHTMLandCSS|HTMLTutorial	bupWPZdXqIA
3:LearnAboutHTMLElementsandAttributes|LearnHTMLandCSS|HTMLTutorial	XXrpsQqAlIQ
4:LearntoCreateTitlesandTextUsingHTML|LearnHTMLandCSS|HTMLTutorial	8bZ4RPjOPYE
5:WeUseBoxesinWebsites|LearnHTMLandCSS|HTMLTutorial|CSSTutorial	1YO_5jXC-bo
6:HowDoWeIncludeCSSInOurHTML|BasicsOfCSS|LearnHTMLandCSS|HTMLTutorial	YNSnugnQYiI
7:HowToCreateHTMLandCSSComments|LearnHTMLandCSS|HTMLTutorial|CSSTutorial	ZJqchijLuLE
8:IntroductiontoClassesandIDsinHTML|LearnHTMLandCSS|HTMLTutorial	wXUhTZpF_HQ
9:CSSTextStylingTutorial|BasicsofCSS|LearnHTMLandCSS|HTMLTutorial	azZCW24XtT4
10:HowtoImportNewFonts|BasicsofCSS|LearnHTMLandCSS|HTMLTutorial	Hwq_Mr12bcI
11:HowtoCreateSubPagesinHTML|BasicsofCSS|LearnHTMLandCSS|HTMLTutorial	lkDrG7G77Fg
12:HowtoCreateLinksinHTML|BasicsofCSS|LearnHTMLandCSS|HTMLTutorial	DiSvq5SgLMI
15:HowtoInsertImagesUsingHTMLandCSS|LearnHTMLandCSS|HTMLTutorial|BasicsofCSS	_w6N_nplmAw
16:HowtoCreateHTML5VideosandEmbedVideos|LearnHTMLandCSS|HTMLTutorial|BasicsofCSS	OOy764mDtiA
18:HowtoCreateAResponsiveWebsiteUsingHTMLandCSS|LearnHTMLandCSS|HTMLTutorial	kbLfWKGVsMQ
19:HowtoCreateACasesPageUsingHTMLandCSS|LearnHTMLandCSS|HTMLTutorial	ytHTIdpVM2M
20:OutdatedCodeInHTMLAndCSS|LearnHTMLandCSS|HTMLTutorial|HTMLForBeginners	9ie8M8Bc_zg
CSSFlexboxTutorial|LearnToCreateLayoutsUsingCSS|LearnHTMLAndCSS|FlexboxTutorial	0e02dl66PYo
22:AnExerciseUsingCSSFlexbox|LearntoCreateLayoutsUsingCSS|LearnCSS|FlexboxTutorial	Z2quX2qWmEA
23:FilePathsInHTMLandCSS|LearnHTMLandCSS|HTMLTutorial|CSSTutorial	EJ0xvY5wT5Q
24:FormsInHTMLandCSS|HowToCreateAForm|LearnHTMLandCSS|HTMLTutorial|CSSTutorial	E5MEzC0prd4
25:TableInHTMLandCSS|HowToCreateTables|LearnHTMLandCSS|HTMLTutorial|CSSTutorial	dK27jWKtJxs
26:AreYouDoneLearningHTML&CSS?|LearnHTMLandCSS|HTMLTutorial|CSSTutorial	h0C-1KihSPA
27:WhichHTMLMetaTagsAreRequiredinAWebsite?|LearnHTMLandCSS|HTMLTutorial|HTMLSEO	o3Gfsc6kihk
29:HowtoEasilyUploadaWebsite|LearnHTML&CSS|HTMLTutorial|UploadaWebsiteTutorial	P9MB218jzF4
30:HowtoValidateaWebsite|CheckWebsiteforErrors&Bugs|LearnHTML&CSS|HTMLTutorial	I98MaARkdho
32:HowtoCreatea404PageinHTML|CreateaCustom404Page|LearnHTML&CSS|HTMLTutorial	kPtS4vO42II
33:HowtoRemovethePageFileExtensionFromtheURL|LearnHTML&CSS|HTMLTutorial|mmtuts	-6LyG9I-FPc
34:HowtoUseCSSPositiontoMoveElements|LearnHTML&CSS|HTMLTutorial|mmtuts	oRbLowjKVzI
35:HowtoCreateVariablesinCSS|CreateCSSVariables|LearnHTML&CSS|HTMLTutorial	jPPG4RoK5ag
36:CSSPseudoElementsandClasses|StylePartofanElement|LearnHTML&CSS|HTMLTutorial	W-YHT9xHBgA
37:CreateTransitionsUsingCSS|CreateHoverAnimations|LearnHTML&CSS|HTMLTutorial	TQLqn5jHIZQ
HowtoCreateWebsiteLayoutsUsingCSSGrid|LearnHTMLandCSS|HTMLTutorial	HgwCeNVPlo0
AddAFavicontoAWebsiteinHTML|LearnHTMLandCSS|HTMLTutorial|HTMLforBeginners	kEf1xSwX5D8
HowtoCreateanHTMLDropdownMenu|LearnHTMLandCSS|HTMLTutorial|HTMLforBeginners	rgUp302f_lY
HowtoAlwaysKeeptheFooterattheBottomofAPage|LearnHTMLandCSS|HTMLTutorial	qlCIXXhSX6Y
CreateAGoogleMapInAWebsite|GoogleAPIMap|LearnHTMLandCSS|HTMLTutorial	9CY0V0JAgNU
HTML5CanvasTutorialforBeginners|AnIntrotoBecomingaPro-Ep	EO6OkltgudE
DrawingOntheCanvas|HTML5CanvasTutorialforBeginners-Ep	83L6B13ixQ0
AnimatingtheCanvas|HTML5CanvasTutorialforBeginners-Ep	yq2au9EfeRQ
InteractingwithTheCanvas|HTML5CanvasTutorialforBeginners-Ep	vxljFhP2krI
HowtoCode:Gravity	3b7FyIxWW94
HowtoCode:CollisionDetection—PartI	XYzA_kPWyJ8
HowtoCode:CollisionDetectionPartII	789weryntzM
HowtoCode:CircularMotion	raXW5J1Te7Y
HTMLLecture1-IntroductiontoHTML,FirstHTMLExample,FeaturesofHTML	OxJTnSEAva4
HTMLLecture2-IntroductiontoHTMLTags,BasicSyntaxandDescriptionofHTMLTags	ZTcD5A_BRlg
HTMLLecture3-Ordered,UnorderedandDescription\DefinitionLists	7d5TigU-Olk
HTMLLecture4-TableExample,TableHeader,Cellpadding,Cellspacing,Colspan,Rowspan	y1sXl_8JG2g
HTMLLecture5-ExampletoCreateFrame,CreateNavigationMenuwithHTMLFrame	0rhsNByVcbM
HTMLLecture6-HTMLForm,FormTags,HTMLFieldSetwithExample	-fTRXrRNqwE
HTMLLecture7-XHTML,Differencesb\wHTMLandXHTML,StepstoConvertfromHTMLtoXHTML	-OTQqSOmy4U
HTMLLecture8-DHTMLIntroduction,DynamicHTMLTechnologies	yTlA0mpG37M
HTMLTutorialforBeginners-00-IntroductiontoHTML	dD2EISBDjWM
HTMLTutorialforBeginners-01-Creatingthefirstwebpage	-USAeFpVf_A
HTMLTutorialforBeginners-02-Linebreaks,spacing,andcomments	i3GE-toQg-o
HTMLTutorialforBeginners-03-OrderedandUnorderedlists	09oErCBjVns
HTMLTutorialforBeginners-04-Creatingatable	wvR40su_XBM
HTMLTutorialforBeginners-05-Creatingaweblink	U4UHoiK6Oo4
HTMLTutorialforBeginners-06-Creatinglinkswithinsamewebpage	bCt2FnyY7AE
HTMLTutorialforBeginners-07-Addingaimagetoawebpage	Zy4KJeVN7Gk
HTMLTutorialforBeginners-08-Resizingandsizingimages	dM12ctixdT4
HTMLTutorialforBeginners-09-Nestedelements	rO6_MZLIzCg
HTMLTutorialforBeginners-10-One-linetextbox	wvU1mmJn_UI
HTMLTutorialforBeginners-11-Addlabeltotextbox	f9QXNFVlsls
HTMLTutorialforBeginners-12-Multi-linetextbox	onKF88kRK3Q
HTMLTutorialforBeginners-13-Radiobuttons	NDAa6EaKce8
HTMLTutorialforBeginners-14-Checkbox	g4UAV1lIHyA
HTMLTutorialforBeginners-15-Numberinputbox	NPfy-hKOGfk
HTMLTutorialforBeginners-16-Drop-downlist	yWuAsqUnNsA
HTMLTutorialforBeginners-17-Dateandnumberbox	H6BSr5UOg2Y
HTMLTutorialforBeginners-18-FieldboxandLegendelements	x13Uxl6_dyw
HTMLTutorialforBeginners-19-Attributes	iWWTtYGZ4YA
HTMLTutorialforBeginners-20-Themetaelement	sx4kaeyzQzw
HTMLTutorialforBeginners-21-Escapecharacters	s3h5FLBon88
HTMLTutorialforBeginners-22-Boldanditalicelements	X_OROia6aPo
HTMLTutorialforBeginners-23-iframeelement	7PORMYx30xE
HTMLTutorialforBeginners-24-supandsubelements	iG703SLOJ-Q
HTMLTutorialforBeginners-25-Titleandaltattributes	kA5pqPA5eZE
HTMLTutorialforBeginners-26-Audioelement	7tWBcT83hek
HTMLTutorialforBeginners-27-Audioelementattributes	2aenvVrYWjg
HTMLTutorialforBeginners-28-Videoelement	iIgFqkDs4tY
HTMLTutorialforBeginners-29-doctype	c625P4B0OY0
CSSTutorialforBeginners-01-IntroductiontoCSS	qKoajPPWpmo
CSSTutorialforBeginners-02-Changingfonttype,color,andsize	UO0ZPL8yMpU
CSSTutorialforBeginners-03-Multipleselectorsandwritingruleformorethanoneelement	JT0gyzbpD2U
CSSTutorialforBeginners-04-Addalinetoheaderandborderproperty	hCoMjvtsyPA
CSSTutorialforBeginners-05-Inheritanceandoverriding	Bj2ZCfDPP2A
CSSTutorialforBeginners-06-UsingClassesinCSS	u4dLB9NP3IA
CSSTutorialforBeginners-07-MoreonClassesinCSS	KULYFC545qY
CSSTutorialforBeginners-08-FontFamily	bWDtPnNkutw
CSSTutorialforBeginners-09-TheFontWeightProperty	DFgXjen2JS0
CSSTutorialforBeginners-10-Usinganexternalstylesheet	QT_lIti-8Zk
CSSTutorialforBeginners-11-Text-decorationproperty	kp9CWRRLjAM
CSSTutorialforBeginners-12-Italicfonts	XtgrFq5_QQM
CSSTutorialforBeginners-13-WebColors	sbtD9AP9W70
CSSTutorialforBeginners-14-Usinginlinestyle	bHxGUfgbrY8
CSSTutorialforBeginners-15-MoreonFontsizes	GbqmpIfPL6c
CSSTutorialforBeginners-16-Lineheightproperty	reRKJa7gyF0
CSSTutorialforBeginners-17-CSSBoxModelPart1	3n9UbOvMZ30
CSSTutorialforBeginners-18-CSSBoxModelPart2	l3Cu_s61zaU
CSSTutorialforBeginners-19-CSSBoxModelPart3	b-A7LiWySHE
CSSTutorialforBeginners-20-CSSBoxModelPart4	4GZqsfPSJB0
CSSTutorialforBeginners-21-Backgroundimageproperty	9vo8nTQ7s5A
CSSTutorialforBeginners-22-TheIDAttribute	ZuuEdXXzG7I
CSSTutorialforBeginners-23-Thetextalignproperty	tEucu932gg8
CSSTutorialforBeginners-24-BorderPropertyPart1	7J1fGcLggc4
CSSTutorialforBeginners-25-BorderPropertyPart2	qhUDC4eQFuc
CSSTutorialforBeginners-26-TheDIVelement	xZOeC1D61mI
CSSTutorialforBeginners-27-TheSPANelement	XeA2wdj74O4
CSSTutorialforBeginners-28-AddcontentpageandreusesomeofourCSSclasses	5enJfW3weCQ
CSSTutorialforBeginners-29-Specialeffects	01GUwH6kn2U
CSSTutorialforBeginners-30-BlockandInlineelements	IaOggxOFjTk
CSSTutorialforBeginners-31-BlockandInlineelementsPart2	RzWDDOwFPCA
CSSTutorialforBeginners-33-Floatinganelement	YjJfViBul94
CSSTutorialforBeginners-34-Absolutepositionforanelement	s_GBRa9wva4
CSSTutorialforBeginners-35-Fixedpositionforanelement	TqgLBBqWRqk
CSSTutorialforBeginners-36-Theoverflowproperty	1aT81-e3viA
CSSTutorialforBeginners-37-Thecursorproperty	wky2u_WbFGs
CSSTutorialforBeginners-38-Customcursor	WyFI1T_-hqs
CSSTutorialforBeginners-39-Textandimages	Hx3SU5a-kSQ
CSSTutorialforBeginners-40-Relativepositioning	yuUZcN-jZ2o
CSSTutorialforBeginners-41-Verticalmenu	2FuSeUkHfVo
CSSTutorialforBeginners-42-VerticalmenuPart2	byyoTbrY8sc
CSSTutorialforBeginners-43-Horizontalmenu	dZYy72ObKf0
CSSTutorialforBeginners-44-Anicebutton	GnF1gGUP-jo
CSSTutorialforBeginners-45-Theinline-block	GPuhnX8uhWw
CSSTutorialforBeginners-46-WebFormsPart1	aUDxjDrJL0o
CSSTutorialforBeginners-47-WebFormsPart2	Rfdj57trRq4
CSSTutorialforBeginners-48-Reviewanddescendantselector-SelectorsPart1	QbpUgzOHRQo
CSSTutorialforBeginners-49-Childselectors-SelectorsPart2	kaYQ9n8aRkg
CSSTutorialforBeginners-50-Strategies-SelectorsPart3	lLj1CfhEXws
CSSTutorialforBeginners-51-Siblingselector-SelectorsPart4	kb8YNwUYPGc
CSSTutorialforBeginners-52-AttributeSelector-SelectorsPart5	LKzc60DMy4A
CSSTutorialforBeginners-53-nthchildSelector-SelectorsPart6	8ltqU8rBM8Y
CSSTutorialforBeginners-54-notSelector-SelectorsPart7	WT46ES9ZDC4
CSSTutorialforBeginners-55-firstSelector-SelectorsPart8	osDhqRznpVo
CSSTutorialforBeginners-56-OpacitypropertyPart1-WorkingagainstaDIV	KPfak1k4Mgo
CSSTutorialforBeginners-57-Lineargradients	n-pFwN16dr8
CSSTutorialforBeginners-58-Letscombineopacityandgradient	2AJEQDBJxNE
CSSTutorialforBeginners-59-textshadow	CYHvB1p38FU
CSSTutorialforBeginners-60-boxshadow	6kxNaKhn0Oc
CSSLayoutTutorial-02-Stylingthebody	u_fTLMswhZw
CSSLayoutTutorial-03-Addingheaderandnavigationsection	cqTNHMipvhM
CSSLayoutTutorial-04-Addingthemaincontentsection	gG2_M3JGEf0
CSSLayoutTutorial-05-Addingthesidebar	qmqD4aTv18Q
CSSLayoutTutorial-07-Imagesidebar	w4x3tRr5cx4
CSSLayoutTutorial-08-AddeffectstotheImagesidebar	cIMydJw0xxw
CSSLayoutTutorial-10-Organizingthestylesheet	ZiOO-e76ToA
CSSLayoutTutorial-11-Navigationbarandbuttons	SO19MuWuxfU
CSSLayoutTutorial-13-Workingintheheader	S7-DaHRsLG8
CSSLayoutTutorial-14-Workinginthefooter	kpq9M3Nnwb0
CSSLayoutTutorial-15-Sourcecontrol	wpuwU7MwKVI
CSSLayoutTutorial-16-TheFixedLayout	-6YZD0aai0U
CSSLayoutTutorial-17-TheFixedLayoutPart2	Yt6tMzQIGGA
CSSLayoutTutorial-18-TheFixedLayoutPart3	bP3nckT2Muc
CSSLayoutTutorial-19-Addingalogotothelayout	Wa_QmxwpFC8
CSSLayoutTutorial-20-Mediaqueries	3SFRSrPDwiw
CSSLayoutTutorial-21-MediaqueriesPart2	1DtH6icymR8
CSSLayoutTutorial-22-MediaqueriesPart3	xEyerXP2UF8
CSSLayoutTutorial-23-MediaqueriesPart4	9_ffVe4d6e4
CSSLayoutTutorial-24-Thenextstep	MaDGbjuLH4I
JavaScriptTutorialforBeginners-01-Introduction	xpZLS6R91rQ
JavaScriptTutorialforBeginners-02-Statements	tkw8QXIcmU4
JavaScriptTutorialforBeginners-03-Variables	IhKWfiNCoSY
JavaScriptTutorialforBeginners-04-VariablesPart2	UR71iavwMkE
JavaScriptTutorialforBeginners-05-Usinganexternalfile	r--dRuIiV7A
JavaScriptTutorialforBeginners-06-Functions	xk6X_iFUGwU
JavaScriptTutorialforBeginners-07-FunctionsPart2	jYClv_fqiBU
JavaScriptTutorialforBeginners-08-Operators	hWdTfi-68Bo
JavaScriptTutorialforBeginners-09-ConditionalsPart1	VNtYWDpdQ1w
JavaScriptTutorialforBeginners-10-ConditionalsPart2	znYh4QRkQ-M
JavaScriptTutorialforBeginners-11-Loops	c8fjcoCHNAg
JavaScriptTutorialforBeginners-12-LoopsPart2	rDzWA8yPnIY
JavaScriptTutorialforBeginners-13-Functionandifstatement	uQxgdzr3vIw
JavaScriptTutorialforBeginners-14-Returnstatement	gdGmpTcNZXQ
JavaScriptTutorialforBeginners-15-Globalandlocalvariables	BbwH8uwP7r8
JavaScriptTutorialforBeginners-16-Passbyvalue	2dnO292L_p4
JavaScriptTutorialforBeginners-17-Arrays	O6tEmBPOARQ
JavaScriptTutorialforBeginners-18-Objects	NSCz0ZopvIs
JavaScriptTutorialforBeginners-19-ObjectsPart2	a7Ze-_Wqs3Y
JavaScriptTutorialforBeginners-20-ObjectsPart3	wRbIOUKsHpY
JavaScriptTutorialforBeginners-21-ObjectsPart4	1mO3Qx6kIx0
JavaScriptTutorialforBeginners-22-StringObject	zUmBsIzg94g
JavaScriptTutorialforBeginners-23-MathObject	9z9lcPhZpiY
JavaScriptTutorialforBeginners-24-DateObject	fOoJTeJ8KXU
JavaScriptTutorialforBeginners-25-DocumentObjectModel	sWUT97Ne7V4
JavaScriptTutorialforBeginners-26-getElementByIdmethod	h4-6JOQX9v4
JavaScriptTutorialforBeginners-27-getElementsByTagNamemethod	SwMgOMfelC8
JavaScriptTutorialforBeginners-28-getElementsByTagNamePart2	DzBmQbcr1ls
JavaScriptTutorialforBeginners-29-getElementsByClassName	ChLd2yFp-lA
JavaScriptTutorialforBeginners-30-ReplacecontentusinginnerHTML	dlaYyZ6vW48
JavaScriptTutorialforBeginners-31-ReadingcontentusinginnerHTML	dWdVc-KWXJ4
JavaScriptTutorialforBeginners-32-Changinganimage	FFyHJF94Eng
JavaScriptTutorialforBeginners-33-Introtoevents	0VYuk9uqu04
JavaScriptTutorialforBeginners-34-Themouseoverevent	Ka033dkRJi0
JavaScriptTutorialforBeginners-35-Changeimagewithmouseover	0o4HQ_TYP9A
JavaScriptTutorialforBeginners-36-Creatinganewelement	_OOj_d3Zdig
JavaScriptTutorialforBeginners-37-CreatinganewelementPart2	HvWnkj8nh8Y
JavaScriptTutorialforBeginners-38-Removeelement	VV2npCATMGM
JavaScriptTutorialforBeginners-39-Createattribute	FbcB8CroByk
JavaScriptTutorialforBeginners-40-TraversingtheDOM	T_89UCU8PQU
JavaScriptTutorialforBeginners-41-TraversingtheDOMPart2	YNXW5czcob8
JavaScriptTutorialforBeginners-42-TraversingtheDOMPart3	QPC3d-zb8Yk
JavaScriptTutorialforBeginners-43-FormValidationPart1	Bl59zGI1gCA
JavaScriptTutorialforBeginners-44-FormValidationPart2	AZj2unIbWCM
JavaScriptTutorialforBeginners-45-FormValidationPart3	HpMnYWQSxJE
JavaScriptTutorialforBeginners-46-FormValidationPart4	gM8I7NywAcg
JavaScriptTutorialforBeginners-47-FormValidationPart5	bSQ1iwioapc
JavaScriptTutorialforBeginners-48-Placementofscripttag	H-LOCQDNX_0
JavaScriptTutorialforBeginners-49-Followupsession	7Qfk-nBSQUQ
JavaScriptTutorialforBeginners-50-Confirmationbox	yUe3pvKib44
JavaScriptTutorialforBeginners-51-MoreonObjects	UaRzNWzILD0
JavaScriptTutorialforBeginners-52-Windowsobject	FGd7YtiGZYE
JavaScriptTutorial-Thenextstep	0GlwwViOjo8
BootstrapTutorialforBeginners-01-Introduction	bPuyoVh9U3g
BootstrapTutorialforBeginners-02-Downloadandsetup	7fsQ9Aidl28
BootstrapTutorialforBeginners-03-TheGridLayout	BBIaUNqNVi0
BootstrapTutorialforBeginners-04-TheGridLayoutPart2	zCx1u0xVypk
BootstrapTutorialforBeginners-05-TheGridLayoutPart3	181B4Zn8FTg
BootstrapTutorialforBeginners-06-TheGridLayoutPart4-MultipleRows	DrGEy1wVDPw
BootstrapTutorialforBeginners-07-TheGridLayoutPart5-Offsets	oNJZjmODip8
BootstrapTutorialforBeginners-08-TheGridLayoutPart6-Nesting	NrOVuB1Difw
BootstrapTutorialforBeginners-09-Thevisibleclass	bZdplBF1yr4
BootstrapTutorialforBeginners-10-PushandPull	u4mzRPAkn3c
BootstrapTutorialforBeginners-11-Hiddenandmultipleclasses	X1z00IMM5hc
BootstrapTutorialforBeginners-12-Typography	vEbhMDZBZxk
BootstrapTutorialforBeginners-13-ButtonsPart1	rJh5Xtj5dqs
BootstrapTutorialforBeginners-14-ButtonsPart2	0qOrw-BtDDU
BootstrapTutorialforBeginners-15-ButtonsPart3	mgMcnvH9rFU
BootstrapTutorialforBeginners-16-Dropdown	gdF4uv97nDQ
BootstrapTutorialforBeginners-17-DropdownPart2	bweNr8Si2YI
BootstrapTutorialforBeginners-18-Navigationbar	JU9F6R6oTSs
BootstrapTutorialforBeginners-19-Addlogotonavigationbar	zn_9V0dmOCg
BootstrapTutorialforBeginners-20-Addsearchbar	3dh6hoGcyLQ
BootstrapTutorialforBeginners-21-Glyphicons	9S7VavRgYTs
BootstrapTutorialforBeginners-22-Collapsenavbar	14T9PYzq6y4
BootstrapTutorialforBeginners-23-Images	f-dZoKORn_E
BootstrapTutorialforBeginners-24-ImageGallery	xG0q8Ln9wg0
BootstrapTutorialforBeginners-Troubleshooting	vw1Rd9CNCe4
HTMLLists,|Definition\DescriptionList|Lec-14|HTMLtutorialforbeginnersinUrdu\Hindi|	bBsdYhd3TbA
Introduction--HTMLBasicinHindi(Part1\2)[htmlinhindi]	MzfHMUJg03g
Titletag--HTMLHeadSectioninHindi(part1\5)[htmlinhindi]	zUX4vWo7aPg
Styletag--HTMLHeadSectioninHindi(part2\5)[htmlinhindi]	Jb71zGwuA_Y
setdefaultpathforfiles--HTMLHeadSectioninHindi(part5\5)[htmlinhindi]	8XImTC6AIOk
Fonttag--HTMLparagraphinHindi(part3\7)[htmlinHindi]	V5KQCUkBvBA
bold,strong,emphasizetags--HTMLparagraphinHindi(part4\7)[htmlinHindi]	micqDSYTDzQ
tt,abbr,blink,striketags--HTMLparagraphinHindi(part5\7)[htmlinHindi]	8BiXgbbjeZE
bdo,center,sup,sub,smalltags--HTMLparagraphinHindi(part6\7)[htmlinHindi]	XG1dW-pOVQ4
SimpleOrderedandUnorderedlist--HTMLListinhindi(part1\3)[HTMLinhindi]	dH6NkwJrdmY
UnderstandHTMLtable--HTMLtableinHindi(part1\7)[htmlinhindi]	dK2ZVKTUr2I
Basictable--HTMLtableinHindi(part2\7)[htmlinhindi]	tEIX0N8T4Bk
cellpaddinghtml--HTMLtableinHindi(part4\7)[htmlinhindi]	kdnEjktF77Y
AllInputtextboxes--HTMLForminhindi(part2\9)[htmlinhindi]	nzklqs7aKSE
FileUploader--HTMLForminhindi(part6\9)[htmlinhindi]	COieK5tF22k
htmlelements	8Fn6dmqWdoA
htmlquotations,address,breaktag	tdzQf3aEAzs
htmlfontanditsattributes	vcHEgepOwzo
htmllinks	5QqePVNhjIY
htmldownloadlinks	3v4Ak0oNXIM
htmlwebsitedevelopmentpart7	itUFxtUrFH8
htmllistspart1	eG2Lcf4sUNY
attributesforultag	oSwRhXgBwCY
htmlorderedlistandattributes	r88IvY8QIB4
nestedlistspart2	mnvs40jbwXM
videoautoplay,muted,loopattributes	tTJmTQdvOg0
htmltable	YP14gtLlFSQ
attributesfortable	ErhmqH6U798
attributesfortdpart3	rY6L9OVDREM
colspanintdtag	35ksi75Y-68
useofthtag	nb2jDyyESig
forminputfieldintro	nfWNi9lm9hE
radiobutton	nME0h-Fp_LE
dropdownlist	kxMObT7CuwE
textareafield	X84EXGHaoA4
checkboxform	e_dZV2ChDac
completeformdesignpart4	1IywIDarHlI
htmlwebsitedevelopmentprojectlayout1	klFxI7DcoRU
htmlwebsitedevelopmentprojectfinaltask	Oev3kUmqGgY
howtouploadwebsitesonserver	ACXFz5cqIC8
htmlshortcutsfeaturesdevelopment	X0KtfIEuJw4
completeanyprogramminglanguagein30dayshostedbywapinsttitutepoweredbysweetusmedia	xvG_iepZbQk
twogreatfilesofahackerhostedbywapinstitutepoweredbysweetusmedia	A4_xHFw_SGM
top2goodhabitsofawebdesignerhostedbywapinstitutepoweredbysweetusmedia	6qEAXRuyRyI
watchitifudontwanttolearnhostedbywapinstitutepoweredbysweetusmedia	VkU4Y-ZwEIg
1	5sxtZ10Vf3s
2	vujvsK6xzK0
3	qX5ZHJy2u1w
4	r-jVRg62yWU
5	_dLTRiHm7B8
11	AKLlS0lQhhY
13	ZW8qI1HvYJs
22	9ILkAkw4veo
23	XJtXoArBY88
24	3ZsI4xKe4RI
25	RPAG6XWnJ30
27	MJYTR0ZZUVc
31	sDb2WBtytZY
32	iO9fK86W1r8
37	ZPJ4H1H8okc
42	aYVICkV5QuI
43	eocE-kbk7h0
44	s-QExlxITRM
47	-DlqC7tcZ4o
48	Ewol0106P9M
49	tevoN-EH6mk
54	7CppDt8MZsY
56	QfXIszyv_7Y
58	QiT6m1uGGhk
59	H4vTNTBcCDE
64	2DasyTsd_0c
66	gFoxEivEuuM
67	cvTyMrhRmBk
72	c99b7QapjH0
73	_CEmft4nYnM
74	sNEdtgghlzE
76	SEgOZC3R3uM
77	wcfoVffDwdA
80	YuV29dvI4Ns
81	IpQlgsCkVQ8
83	4IkgA4JGEg4
84	BnYYJBfTfPE
85	zgQMCeRWWPw
86	kdMem4JXxtE
87	K1mPbELZ0i8
88	xCboFN528rs
90	Ooyeh788rwk
91	0z8Tv3xalKQ
93	aBn6yX2JYao
98	xP4p4mDjj2A
100	TpwsV1pkKbw
101	uSMHdBgsWsg
105	cO1bQWUocC8
106	LfN37RFRaoI
108	nAsnayM7HHU
109	axJ6EfcQZNc
110	hNPMHEnOttI
111	8l3uI_hgygE
112	9CdCTND7Bgg
113	l--YWn3x4x0
115	op6NjxJE-pg
116	X8OzldLAKFE
118	5jdW6Bx_-7A
122	5m2VyiCTDyg
123	ChArGTprZF8
124	CnhpHXTHOkU
125	9nQa2Z7_J0E
126	L8If9A94AH4
130	jUBfN2Fkyl0
131	7RrSuaGpY8M
133	eX8-4D7SfMc
135	qzitKXALyYM
138	ilqrLBDI40E
139	1Jg2XRdaPhQ
140	zqQN4_TfHWU
143	yzfjipuHdiU
144	Fs__Nb2o7LM
146	2CQh36zccoU
150	U_9WRZQgrII
154	2xVWA9DdXGk
156	k-UtILPWo70
160	qtO9juvya00
164	1bst1CXeGwE
165	acjQT0GtVG0
167	A6hxWy6nn5Q
174	cvKgZ4A3JTo
184	STQ-dFY66Ns
185	jLDcIlyni0o
186	fHERwAzsDnk
187	NouF0QRHTcQ
urdututorialshtml3	DZgvlLMR5rI
UrdututorialsPhotoshopLesson2	ioo4AH56zK0
HTML5andCSS3beginnertutorial1-Introduction	5ePVoAgvU1k
HTML5andCSS3beginnertutorial2-Creatingyourfirstwebsite	kT8LV-pP3hI
HTML5andCSS3beginertutorial3-Findingerrorswithavalidator	KWXU2hgtZOA
HTML5andCSS3beginnertutorial4-Linebreaks,paragraphsandheadings	oFQzR_6sY7E
HTML5andCSS3beginnertutorial5-Bold,italicsandcomments	IcZAO_TQ9eA
HTML5andCSS3beginnertutorial6-Lists	uYd_Z3FnSAk
HTML5andCSS3beginnertutorial7-Links	Sh6kXmNkkEM
HTML5andCSS3beginnertutorial8-Images	ECprKThoQ7E
HTML5andCSS3beginnertutorial9-Filepaths	gq0j8wr6nxg
HTML5andCSS3beginnertutorial10-Videos	B9NRKumjP9I
HTML5andCSS3beginnertutorial11-Audio	aumI-zjQlMc
HTML5andCSS3beginnertutorial12-IntroductiontoCSS	GSweALMbO0k
HTML5andCSS3beginnertutorial13-ExternalStyleSheet	i6mHj0uP1Sg
HTML5andCSS3beginnertutorial14-CSStips	G81cHovzdE0
HTML5andCSS3beginnertutorial15-CSScolors	p-cmiDTAjoY
HTML5andCSS3beginnertutorial16-TheCSSboxmodel	9z0LjM4cM0o
HTML5andCSS3beginnertutorial17-backgroundimages	OZkWyIfm1G4
HTML5andCSS3beginnertutorial18-backgroundimages[Part2]	xNg2rh_h5v8
HTML5andCSS3beginnertutorial19-DivsandSpans	HLGJBWaOVh0
HTML5andCSS3beginnertutorial20-ClassesandID's	1o5i7R-qAXU
HTML5andCSS3beginnertutorial21-Childselectors	nrSaRJ9pQ7U
HTML5andCSS3beginnertutorial22-PseudoClasses	Lm5-EwZVtxg
HTML5andCSS3beginnertutorial23-PseudoElements	T9YSSW8MXw0
HTML5andCSS3beginnertutorial24-FloatandClear	dGBWElpK59k
HTML5andCSS3beginnertutorial25-FloatandClearpart2	zC7eYM89Yn0
HTML5andCSS3beginnertutorial26-StylingLists	-mUU7IWcwow
HTML5andCSS3beginnertutorial27-RoundedCorners	WFQZ6Slt_AI
HTML5andCSS3beginnertutorial28-Gradients	vmelQ33sGUw
HTML5andCSS3beginnertutorial29-Semantictagsforthelayout	m_Vq7dD5_X0
HTML5andCSS3beginnertutorial30-Creatingasimplewebsitelayout	ZJev4SuDmZw
HTML5andCSS3beginnertutorial31-Creatingasimplewebsitelayoutpart2	h97k34VPjYM
HTML5andCSS3beginnertutorial32-Creatingasimplewebsitelayoutpart3	YQxtsXeZMzI
HTML5andCSS3beginnertutorial33-Creatingasimplewebsitelayoutpart4	1SluWFwMbFI
HTML5andCSS3beginnertutorial34-Introductiontotables	xy-lahDklxs
HTML5andCSS3beginnertutorial35-ColspanandRowspan	C0OXAPGqAHM
HTML5andCSS3beginnertutorial36-Stylingtables	0S80mQTiHos
HTML5andCSS3beginnertutorial37-Introductiontoforms	p-9FbJVDxfE
HTML5andCSS3beginnertutorial38-CheckboxesandRadiobuttons	CaobhWlL0y4
HTML5andCSS3beginnertutorial39-Otherinputelements	iO15_nYKdgE
HTML5andCSS3beginnertutorial40-textarea,select,andfieldsets	9_daJ0iHZzE
HTML5andCSS3beginnertutorial41-Stylingformelements	9zi6e3-zG7s
HTML5andCSS3beginnertutorial42-Creatingaformlayout	2dAK7i3scKc
HTML5andCSS3beginnertutorial43-Creatingaformlayoutpart2	Jv2QYBer-bo
HTML5andCSS3beginnertutorial44-FinalVideo	IevBbf8lSEg
HTMLTutorialforBeginners	dD2EISBDjWM
HTMLCrashCourseForAbsoluteBeginners	UB1O30fR-EE
WebTechnologiesTutorialVideos|Mr	JsbxB2l7QGY
LearnHTMLin12Minutes	bWPMSSsVdPk
HTML5andCSS3beginnerstutorials	LqvFIuVlyP8
XHTMLandCSSTutorialsPlaylist	cqszz_OfAFQ
HTMLTutorials	rvsV3vsneGE
30DaystoLearnHTML&CSS(FullCourse)	yTHTo28hwTQ
HTMLinHindi	MzfHMUJg03g
HTMLTutorialsForBeginners	Y1BlT4_c_SU
HTMLTutorialforBeginners-LearnHTMLin30Minutes	hrZqiCUx6kg
HTML5TutorialsPlaylist	Mp0f0zTPLec
WebDevelopmentTutorialsBYEJMedia	dD2EISBDjWM
HTMLCrashCourseForAbsoluteBeginners	UB1O30fR-EE
LearnHTMLin12Minutes	bWPMSSsVdPk
HTMLTutorialforBeginners-LearnHTMLin30Minutes	hrZqiCUx6kg
WebDevelopmentTutorialforBeginners(#1)-HowtobuildwebpageswithHTML,CSS,Javascript	3JluqTojuME
HTMLTutorial1-DesigningAWebsiteInNotepad-BasicsandBeginnings	GOfhmzNLWzY
HTMLTutorialforBeginners-01-Creatingthefirstwebpage	-USAeFpVf_A
HTMLiframeExampleandTutorial	t2ByLmLnYJ8
HowtoCreateTransparentDropDownNavigationMenuwithCSSandHTML	8x1mO1d6-4w
HTMLCrashCourseForAbsoluteBeginners	UB1O30fR-EE
LearnHTMLin12Minutes	bWPMSSsVdPk
HTMLTutorialforBeginners-LearnHTMLin30Minutes	hrZqiCUx6kg
Introduction--HTMLBasic(English)	tcf9G511VwY
HTMLTutorial:WhatIsHTML?	CKlh1lwe2rY
IntroductiontoHTMLProgramming	fS7w-TXinPE
HTMLTutorialinEnglishPart5(FramesandFrameset)	MXuc4GjUvBc
WebDevelopmentTutorialforBeginners(#1)-HowtobuildwebpageswithHTML,CSS,Javascript	3JluqTojuME
HTMLTutorial1-DesigningAWebsiteInNotepad-BasicsandBeginnings	GOfhmzNLWzY
HTMLTutorialforBeginners-part1of4	v4oN4DuR7YU
1:HowtoGetStartedWithHTML&CSS|HTMLTutorialforBeginners|LearnHTMLandCSS|mmtuts	pm5OVxpul48
HTMLTutorialinEnglish4(HTMLLists-Ordered,unordered,Definition)	NvSuOmNQO9E
HTML5TutorialForBeginners-part1of6-GettingStarted	9gTw2EDkaDQ
HTMLvideotutorial-28-htmlimgtag	R72N-B-cpfo
HowtoaddImagesinHTML-HTMLImageTag	0i_Et7hOABw
LearnHTMLcode:imgforimages	PDfWeUP09TA
HtmlImageTag,AnchorTag|WebTechnologiesTutorial	zCSgcTxhNBY
HowtoInsertanImageinaWebpage(HTML\XHTML)	Qerz5CQa2A8
ImageTagandSrc,Alt,HeightandWidthAttributesinHTML--English-vlrtraining	fzXmxB4gOmk
HowtoUseHTMLHyperlinkandImageTagsforwebsite-Hindi\Urdu	Nk-OipVo1sw
HTMLvideotutorial-45-htmlimagemap	6PMgqzGGDRU
imageTaginHTMLtamilclass-4	12HY_hAWPEo
HTML5TutorialForBeginners9#HTMLImageswithimgtag	sdhl8zGSpv4
Usingimages:HTMLimagetags	xVv3SHU_l1o
HowtouseImageAlttaginHTML	5yM8Xjw6qFI
HTMLBasics»Part8|CreatingTables	HPpjaz5xRAQ
HTMLTablesTutorial	BczLWImAmBk
HTMLvideotutorial-57-htmltabletag,htmltrtagandhtmltdtag	Kzi6ZdUUtgY
Howtocreatetableusingtabletaginhtml\hindi\urdu	oDP5JZ5-tnA
MakeAdvancedTablesUsingHTML&CSS	nQqQsuBLh-g
25:TableInHTMLandCSS|HowToCreateTables|LearnHTMLandCSS|HTMLTutorial|CSSTutorial	dK27jWKtJxs
HTMLTable	LZS9c5WeYPQ
HTMLvideotutorial-62-htmltablerowspanandtablecolspanattribute	Qpx6uquFOms
HTMLTableColspanandRowspan	EPRKgmcVTXI
HTMLTutorial4-HTMLWebsiteTables&LayoutsTutorial	tXjoR0IayMA
HTMLBasics»Part8|CreatingTables	HPpjaz5xRAQ
HTMLTablesTutorial	BczLWImAmBk
HTMLBasics»Part8|CreatingTables	HPpjaz5xRAQ
HTMLTablesTutorial	BczLWImAmBk
HTMLvideotutorial-57-htmltabletag,htmltrtagandhtmltdtag	Kzi6ZdUUtgY
Howtocreatetableusingtabletaginhtml\hindi\urdu	oDP5JZ5-tnA
MakeAdvancedTablesUsingHTML&CSS	nQqQsuBLh-g
25:TableInHTMLandCSS|HowToCreateTables|LearnHTMLandCSS|HTMLTutorial|CSSTutorial	dK27jWKtJxs
HTMLvideotutorial-62-htmltablerowspanandtablecolspanattribute	Qpx6uquFOms
HTMLTutorialforBeginners:16CreatingTables,Rows,&Columns	g0xNSmkKbdU
HTMLTableColspanandRowspan	EPRKgmcVTXI
HTMLTable	LZS9c5WeYPQ
HTMLTutorial4-HTMLWebsiteTables&LayoutsTutorial	tXjoR0IayMA
htmlattributevsdomproperty	Ut-ATm23_Pg
HTML|Attributes#04	uIWmPL91Dn4
AnchorTagInHTMLwithAllAttributesExplainedPart-1Of3|nameattribute|href	zFojIhI6Tls
HTMLBasicElementsAttributesFormatting	isWQ1VUZGUw
CustomDataAttributesHTMLJavaScriptCSSTutorial	3r7dkLersKA
HTMLAttributes:TheLangattribute,TheTitleattributeandTheHrefattribute	0ln6iMK4FqM
LearningTags,Attributes,GlobalAttributesandElementsinHTML5|HTMLTutorialSeries2016#6	6gG1VEoXMbI
HTML5tutorialinhindiPart-8accesskeyAttributeandInteractiveElement	R8UqHXoLcOE
BooleanAttributesinHTML5	94Rb86RtVp0
BINDINGHTMLATTRIBUTES|VueJS2|LearningtheBasics	N198LSY_jTw
Ut-ATm23_Pg	Ut-ATm23_Pg
uIWmPL91Dn4	uIWmPL91Dn4
zFojIhI6Tls	zFojIhI6Tls
isWQ1VUZGUw	isWQ1VUZGUw
3r7dkLersKA	3r7dkLersKA
0ln6iMK4FqM	0ln6iMK4FqM
6gG1VEoXMbI	6gG1VEoXMbI
R8UqHXoLcOE	R8UqHXoLcOE
94Rb86RtVp0	94Rb86RtVp0
N198LSY_jTw	N198LSY_jTw
Ut-ATm23_Pg	Ut-ATm23_Pg
uIWmPL91Dn4	uIWmPL91Dn4
zFojIhI6Tls	zFojIhI6Tls
isWQ1VUZGUw	isWQ1VUZGUw
3r7dkLersKA	3r7dkLersKA
0ln6iMK4FqM	0ln6iMK4FqM
6gG1VEoXMbI	6gG1VEoXMbI
R8UqHXoLcOE	R8UqHXoLcOE
94Rb86RtVp0	94Rb86RtVp0
N198LSY_jTw	N198LSY_jTw
htmlattributevsdomproperty	Ut-ATm23_Pg
HTML|Attributes#04	uIWmPL91Dn4
AnchorTagInHTMLwithAllAttributesExplainedPart-1Of3|nameattribute|href	zFojIhI6Tls
HTMLBasicElementsAttributesFormatting	isWQ1VUZGUw
CustomDataAttributesHTMLJavaScriptCSSTutorial	3r7dkLersKA
HTMLAttributes:TheLangattribute,TheTitleattributeandTheHrefattribute	0ln6iMK4FqM
LearningTags,Attributes,GlobalAttributesandElementsinHTML5|HTMLTutorialSeries2016#6	6gG1VEoXMbI
HTML5tutorialinhindiPart-8accesskeyAttributeandInteractiveElement	R8UqHXoLcOE
BooleanAttributesinHTML5	94Rb86RtVp0
BINDINGHTMLATTRIBUTES|VueJS2|LearningtheBasics	N198LSY_jTw
htmlattributevsdomproperty	Ut-ATm23_Pg
HTML|Attributes#04	uIWmPL91Dn4
AnchorTagInHTMLwithAllAttributesExplainedPart-1Of3|nameattribute|href	zFojIhI6Tls
HTMLBasicElementsAttributesFormatting	isWQ1VUZGUw
CustomDataAttributesHTMLJavaScriptCSSTutorial	3r7dkLersKA
LearningTags,Attributes,GlobalAttributesandElementsinHTML5|HTMLTutorialSeries2016#6	6gG1VEoXMbI
HTMLAttributes:TheLangattribute,TheTitleattributeandTheHrefattribute	0ln6iMK4FqM
HTML5tutorialinhindiPart-8accesskeyAttributeandInteractiveElement	R8UqHXoLcOE
BooleanAttributesinHTML5	94Rb86RtVp0
BINDINGHTMLATTRIBUTES|VueJS2|LearningtheBasics	N198LSY_jTw
htmlattributevsdomproperty	Ut-ATm23_Pg
HTML|Attributes#04	uIWmPL91Dn4
AnchorTagInHTMLwithAllAttributesExplainedPart-1Of3|nameattribute|href	zFojIhI6Tls
HTMLBasicElementsAttributesFormatting	isWQ1VUZGUw
CustomDataAttributesHTMLJavaScriptCSSTutorial	3r7dkLersKA
LearningTags,Attributes,GlobalAttributesandElementsinHTML5|HTMLTutorialSeries2016#6	6gG1VEoXMbI
HTMLAttributes:TheLangattribute,TheTitleattributeandTheHrefattribute	0ln6iMK4FqM
HTML5tutorialinhindiPart-8accesskeyAttributeandInteractiveElement	R8UqHXoLcOE
BooleanAttributesinHTML5	94Rb86RtVp0
BINDINGHTMLATTRIBUTES|VueJS2|LearningtheBasics	N198LSY_jTw
htmlattributevsdomproperty	Ut-ATm23_Pg
HTML|Attributes#04	uIWmPL91Dn4
AnchorTagInHTMLwithAllAttributesExplainedPart-1Of3|nameattribute|href	zFojIhI6Tls
HTMLBasicElementsAttributesFormatting	isWQ1VUZGUw
CustomDataAttributesHTMLJavaScriptCSSTutorial	3r7dkLersKA
LearningTags,Attributes,GlobalAttributesandElementsinHTML5|HTMLTutorialSeries2016#6	6gG1VEoXMbI
HTMLAttributes:TheLangattribute,TheTitleattributeandTheHrefattribute	0ln6iMK4FqM
HTML5tutorialinhindiPart-8accesskeyAttributeandInteractiveElement	R8UqHXoLcOE
BooleanAttributesinHTML5	94Rb86RtVp0
BINDINGHTMLATTRIBUTES|VueJS2|LearningtheBasics	N198LSY_jTw
htmlattributevsdomproperty	Ut-ATm23_Pg
HTML|Attributes#04	uIWmPL91Dn4
AnchorTagInHTMLwithAllAttributesExplainedPart-1Of3|nameattribute|href	zFojIhI6Tls
CustomDataAttributesHTMLJavaScriptCSSTutorial	3r7dkLersKA
HTMLBasicElementsAttributesFormatting	isWQ1VUZGUw
HTMLAttributes:TheLangattribute,TheTitleattributeandTheHrefattribute	0ln6iMK4FqM
LearningTags,Attributes,GlobalAttributesandElementsinHTML5|HTMLTutorialSeries2016#6	6gG1VEoXMbI
HTML5tutorialinhindiPart-8accesskeyAttributeandInteractiveElement	R8UqHXoLcOE
BINDINGHTMLATTRIBUTES|VueJS2|LearningtheBasics	N198LSY_jTw
BooleanAttributesinHTML5	94Rb86RtVp0
htmlattributevsdomproperty	Ut-ATm23_Pg
HTML|Attributes#04	uIWmPL91Dn4
AnchorTagInHTMLwithAllAttributesExplainedPart-1Of3|nameattribute|href	zFojIhI6Tls
HTMLBasicElementsAttributesFormatting	isWQ1VUZGUw
CustomDataAttributesHTMLJavaScriptCSSTutorial	3r7dkLersKA
LearningTags,Attributes,GlobalAttributesandElementsinHTML5|HTMLTutorialSeries2016#6	6gG1VEoXMbI
HTMLAttributes:TheLangattribute,TheTitleattributeandTheHrefattribute	0ln6iMK4FqM
HTML5tutorialinhindiPart-8accesskeyAttributeandInteractiveElement	R8UqHXoLcOE
BooleanAttributesinHTML5	94Rb86RtVp0
BINDINGHTMLATTRIBUTES|VueJS2|LearningtheBasics	N198LSY_jTw
htmlattributevsdomproperty	Ut-ATm23_Pg
HTML|Attributes#04	uIWmPL91Dn4
AnchorTagInHTMLwithAllAttributesExplainedPart-1Of3|nameattribute|href	zFojIhI6Tls
HTMLBasicElementsAttributesFormatting	isWQ1VUZGUw
CustomDataAttributesHTMLJavaScriptCSSTutorial	3r7dkLersKA
LearningTags,Attributes,GlobalAttributesandElementsinHTML5|HTMLTutorialSeries2016#6	6gG1VEoXMbI
HTMLAttributes:TheLangattribute,TheTitleattributeandTheHrefattribute	0ln6iMK4FqM
HTML5tutorialinhindiPart-8accesskeyAttributeandInteractiveElement	R8UqHXoLcOE
BooleanAttributesinHTML5	94Rb86RtVp0
BINDINGHTMLATTRIBUTES|VueJS2|LearningtheBasics	N198LSY_jTw
htmlattributevsdomproperty	Ut-ATm23_Pg
HTML|Attributes#04	uIWmPL91Dn4
AnchorTagInHTMLwithAllAttributesExplainedPart-1Of3|nameattribute|href	zFojIhI6Tls
HTMLBasicElementsAttributesFormatting	isWQ1VUZGUw
CustomDataAttributesHTMLJavaScriptCSSTutorial	3r7dkLersKA
LearningTags,Attributes,GlobalAttributesandElementsinHTML5|HTMLTutorialSeries2016#6	6gG1VEoXMbI
HTMLAttributes:TheLangattribute,TheTitleattributeandTheHrefattribute	0ln6iMK4FqM
HTML5tutorialinhindiPart-8accesskeyAttributeandInteractiveElement	R8UqHXoLcOE
BooleanAttributesinHTML5	94Rb86RtVp0
BINDINGHTMLATTRIBUTES|VueJS2|LearningtheBasics	N198LSY_jTw
htmlattributevsdomproperty	Ut-ATm23_Pg
HTML|Attributes#04	uIWmPL91Dn4
AnchorTagInHTMLwithAllAttributesExplainedPart-1Of3|nameattribute|href	zFojIhI6Tls
HTMLBasicElementsAttributesFormatting	isWQ1VUZGUw
CustomDataAttributesHTMLJavaScriptCSSTutorial	3r7dkLersKA
LearningTags,Attributes,GlobalAttributesandElementsinHTML5|HTMLTutorialSeries2016#6	6gG1VEoXMbI
HTMLAttributes:TheLangattribute,TheTitleattributeandTheHrefattribute	0ln6iMK4FqM
HTML5tutorialinhindiPart-8accesskeyAttributeandInteractiveElement	R8UqHXoLcOE
BooleanAttributesinHTML5	94Rb86RtVp0
BINDINGHTMLATTRIBUTES|VueJS2|LearningtheBasics	N198LSY_jTw
HTMLAttributesLanguage:Tamil	k7VG220D-6A
HTMLLangAttributeIsUsedToDefineTheLanguageOfThePageOrAnElement	4-IyIOx-1Ek
HTML|LanguageAttributeinHTML	ssw4OL2Gjj4
54	7CppDt8MZsY
3	qX5ZHJy2u1w
HTML5-Chapter6-HTML5formattributes(autocomplete,autofocus,list,max,min,multiple)	cyPvW-yNWHA
HTMLElementsvs	_1qD930kTFA
2	Flt6SiWir6U
howtouseanchortaginhtml	WGevwI5PC5o
htmlattributevsdomproperty	Ut-ATm23_Pg
HTMLWebDesignTutorials:InsertHTMLImageTagandmodiftyusingHTMLattributesLesson15	uUs9xhYLRUk
howtocreateawebsiteinhtmlusingnotepadaddingbackgroundcolorandimagetutorial1112	byTqo4Okga0
ChangingBackgroundColor&BackgroundImageinHTMLWebpage	CKWzvIcjW9o
HowtoCreateWebPagesUsingHTML:HowtoAddaBackgroundImagetoaWebPage	3my2mOOHoNU
HTMLTutorial08ChangingtheBackgroundColor,TextColorandFontColor	d7nWQQfexmw
Howtoaddimage\Background\TextcolorinhtmlHindi	8TsEo6RuaNk
LearnCSS:HowtosetBackgroundColorandBackgroundimageinHTMLusingCSS?	mq-pxvcyPlM
FullWidthBackgroundImagewithTransparentOverlay	Enh5Dc9L_M0
Transparent&SemiTransparentDivBackgroundinHindi|HTML&CSS3Trick	hfTu5ivEfpE
howtoaddbackgroundimageinhtml	DGeYsNpl4_g
howtochangebackgroundinhtmlintelugu	8_4ZXwWM5G4
HTMLvideotutorial-23-htmlbackgroundattribute	QQj-ULba4_0
HTMLTutorial-5:TheCenterTagandNon-BreakingSpaces	gKdshDa-dTA
HTMLTutorial:PageFormatting	ezn4FixJKc8
LearnHTMLinaday-Session3-HTMLHeadingTag,Linebreaktag,AnchorTag,Imagetag	2xnKdowJXQE
JavaScripttutorial19-whitespaceandlinebreakinjavascript	En5M0Z_3dq8
HowtoTitleandTagyourYouTubeVideostoGetMoreViews	i0IOS-_gTCE
CreatingSpaceBetweenWords&LinesinHTML	UZhtinb_NIo
HowtoComeUpwithaYouTubeName-3Tips&MistakestoAvoid	WN-GnOM3oHw
HowtoCreateSpacesinyourInstagramCaptions	VLa7iFgzm84
Notepad++autocompletehtmltags	xcoZt13Lxts
ThreetipstomakeNotepad++eveneasiertouseforwebdesign	ERqrmk7kAYI
HowToEditTheWordPressHeader|WPLearningLab	XCq475GzyR0
WebDesignandDiviThemeTutorial|IntroductiontotheDiviBuilder-HowToMakeAWebsite#5	fU57LpFQmWo
Alien'staglinewaswrong!Whatissoundinspace?|SSFXSpaceSoundEffects	q6ijoJu6Ito
LiquidSandHotTub-Fluidizedairbed	My4RA5I0FKs
HTMLWebDesignTutorials:HTMLBlockLevelElementvsInlineElementLesson30	YymVVxsy1f4
#5-TheDifferenceBetweenBlockandInlineElements	NfwBn1ItXhM
HTML&CSS|07-InlineandBlockElements	LJOnB_3Zg0M
HTML|BlockandInlineelements#10	d-aWbEn3An4
CSSTutorialforBeginners-30-BlockandInlineelements	IaOggxOFjTk
HTMLTutorial-11:TheBlockquoteandQuoteTags	SNEABGfkWhQ
HTML:BlockElements	BsZ1kMYly-M
DivelementandSpanelementinHTMLorBlocklevelelementsandInlineelements-CLASS11	1QL1o8cZ4rw
#8-HTMLBlockandInlineElements-HTMLFullTutorial	E4gC2ft6bsY
InlineVsBlock	bOh9WjucNsA
HTML5TutorialForBeginners-part12(HTMLBlock&InlineElements)-webcoachbd	9-J5RPkGvT0
WebDesignBangla(Blocklevel&InlineelementinHTML)Part11	RckYcxj9bME
CSSTutorialForBeginners41-Block-levelElements	HuiPIK-0-_A
HTMLBlockAndInlineElements	Me9a5M6DnKQ
WhatIsBlockandInlineElementsHTML-TamilTutorial#8	J2ji53GsHTo
HTMLandCSSTutorial30:BlockElementsVSInlineElements	1zml5dK-G30
BasicHTML:LearningWebColorsbyBuildinganHTMLColorWheel	--7PznSD88o
FindtheHTMLhexcolorcodeofanythingonyourcomputer!	OziSy7fB9hw
HowtoChangeColor,Font,andSizeofaTextinHTML	nIxeAiEsi0k
BeginnerJavascriptTutorial|RandomColorGenerator	GMxR6ZJDiMo
howhtmlcolorcodeswork	MNyh2NwvdTs
HowtoUseColorCodesinHTML(OnlineTutorials)	Bu-aM9w10SQ
HTMLforBeginners|Lesson2:BackgroundColor&CommonTags	-qJXVlP5FEI
LearnHTMLcode:buildahyperlink	cFXOq27IdV8
HowtocreatearandomcolorbackgroundwithJavaScriptandHTML?	N9OLnLpbXtA
JavaScriptwithJill:BuildinganAJAX-enabledRGBcolorconversionapp	pNvAlEu26k8
ElderScrollsOnlineHTMLColorCodeTutorial	sah332dGAHY
LearnHTMLcode:button	auv_F6LPmxs
HowtoCreateTransparentDropDownNavigationMenuwithCSSandHTML	8x1mO1d6-4w
4:LearntoCreateTitlesandTextUsingHTML|LearnHTMLandCSS|HTMLTutorial	8bZ4RPjOPYE
HowtocreatealoginpagewithHTMLCSSandJavascript	mJa_3IiKxFk
HTMLBasics»Part8|CreatingTables	HPpjaz5xRAQ
WebDesignTutorialChangingHTMLLinkColor	WdeIlnSrG-g
HTMLEntityCodeEntityName|HTML5Bangla|Part13	s9sjM8SjXAc
HTMLWebDesignTutorials:HTMLentitiesforinsertingspecialcharactersLesson28	d10_B35G-2Q
HOWTOUSESYMBOLSINNAMETAGS(Unicode)	5Vm-qcQD5YY
No7:HTMLCharacterEntities:HTML5TutorialForBeginners[HD1080p]	zX_nfsZYyD8
HTMLWebDesignTutorials:HTMLCharacterSetLesson29	ZKd2cL8YxWE
HowtoCreateWebPagesUsingHTML:HowtoAddCopyrightSymbolstoaWebPage	SWnL8F117vM
CharsetAttributeOfAnchorTagInHTML	rEN8Wo98Zik
HowdoIwritespecialcharacterslikethecopyrightsymbolinHTML?	blQ5M_zX5PA
[CS:GO]HowtogetSymbolsinWeaponNameTags!	i48B4XbN6ww
HTMLLinks:CreatingaWebsiteMadeEasy	4U7AzLLUf5I
WebDevelopment|HTML#12|HTMLEntities,Copyrightsymbols|TharunShiv|BeingAPro	wykgYHXxliU
Notepad++autocompletehtmltags	xcoZt13Lxts
LearnHow:CreatesimpleanimationwithJavaScript	vqkzxwKlsqY
Tutorial1-ReviewAssignments	GRJp0gLz4Ps
HowtoFix:cannotresolvesymbolerrorinAndroidStudio	FX_gCTpqhwM
C#Tutorial56:SearchdataindatabaseandFilterindatagridviewortableinC#	V6NnrIXN6dY
GoogleI\O2010-ChromeExtensions-howto	iVSR6gufMXI
Colorvalues(hex,rgba,andcolornames)-WebflowCSStutorial	JBRZ3KBfOk8
HowDoHEXColorCodesWork?(in60seconds)	c56x1aj2CPA
Toyicecreamcartlearncolorsnamesoffoodslollipopcandychocolatestrawberryicecreamkidsto	3UCPqgK0NrQ
HowtoChangeColor,Font,andSizeofaTextinHTML	nIxeAiEsi0k
MobileLegendsHaveaColoronYourName?	iIAOZKZQVuY
HowToChangeNameColorInPixelGun3dALLCOLORCODES(NOJAILBREAKORROOT!)	xL0TWrR9Mp0
Empires&Allies:HowtoAddColortoYourName	8-hGAfJzUCI
HowtoGetCOLORUsernamesinPixelGun3D!(PG3DColorCodes2017)	5sD_GfRtr3g
HowToCheckParticularColorinHTMLCodeorHEXValue|ColorMatching	ikHozJAyfSQ
WhatIsTheColorCodeForWhite?	d2qkR0MmyQ0
MaskGun-Changecolorforyourname	cJEc56DoJaM
GoogleMapsCustomColorsinHTMLAndWordPress	hTV6bIwA5Bk
DevExpressDevExtreme:HTML5ColorPicker	HaKLvggyths
VisualStudioCode:HTML,CSS&JSTips	bJiIzz8mFMs
HowtoIncludeaJavaScriptCodeinyourHTMLFile	XOgtEMSSF9E
HTMLcomments|IntrotoHTML\CSS:Makingwebpages|ComputerProgramming|KhanAcademy	q3kVcOTWsC0
HTML-Part1of3	BKp8GaRnumk
12HTMLConditionalComments	nQ-JQoESyg4
JavascriptTutorialForBeginners3#VariablesandComments	FxSkfmP-ZO0
WebDevelopment|HTML#4|Formatting,Stylesheets,Quotes,Links,Comments|TharunShiv|BeingAPro	aRHfQC_FD6c
3	2HU7c9XCz_E
HTMLWebsite(Part4-MarginsandComments)	2gfMBTx8WWg
RestrictTextInputCharactersHTMLJavaScriptTutorial	OpajusnOfYo
7:HowToCreateHTMLandCSSComments|LearnHTMLandCSS|HTMLTutorial|CSSTutorial	ZJqchijLuLE
HTMLScriptTagExplained	rqWSs4-M4qs
HTMLTutorialforBeginners-02-Linebreaks,spacing,andcomments	i3GE-toQg-o
JavascriptTutorial:TextareaCountingandLimiting	12P1HoTvsvU
HTML-Part3of3	j16_s6WT2rM
DeprecatedElements-HTML|WebTechnologiesTutorial	uLhiX0HUTMY
Html5tutorial-18-DepreciatedelementsinHtml5	nLp-XHJ4RnI
HTMLvideotutorial-97-IntroductiontoHTML5	6jvG-GZtiu0
HTMLvideotutorial-77-iframetagvsobjectembedtags	ZNy2ajRiGXc
13	eEiF-p5y0K0
AnchorTagInHTMLwithAllAttributesExplainedPart-1Of3|nameattribute|href	zFojIhI6Tls
HTML&CSS|02-Tags,Attributes,andElements	naowH2LzuVg
HTMLForms-Part1|WebTechnologiesTutorial	6p9s0GuPGn0
htmlandcsspart9Doctype,Namespace,MetadataandDeprecatedTags	BRXOwx0GjAQ
htmlattributevsdomproperty	Ut-ATm23_Pg
HTMLMarqueetag,Pretag|WebTechnologiesTutorial	aShpXTo6kv0
htmlattributevsdomproperty	Ut-ATm23_Pg
HTMLElementsvs	_1qD930kTFA
2	vujvsK6xzK0
4UnderstandingDifferencebetweenElementsandTagsinHTML	Lkm4Zd1UspY
IntroductiontoHTML-ElementsandAttributes	ZMqwoyOsVbs
JavaScriptTutorial-AttributevsProperty	9DWKjn969lM
CSSvideotutorial-69-calculatingHTMLelement'sactualwidth&height	KpdALEvqxNM
TheDOM:What'stheDocumentObjectModel?	80Mr2Z6Qikc
JavaScriptDOMTutorial-Element	OP2tyub1V5M
cloneNodeMethodandCreatingHTMLElementTemplates	zjYgz50E0mA
3:LearnAboutHTMLElementsandAttributes|LearnHTMLandCSS|HTMLTutorial	XXrpsQqAlIQ
HowtoaddandusemultipleclassesonasingleHTMLelement	jM_GlK7wVU4
8	lAtoaRz78I4
Vaadin10:ControlanyHTMLelementfromJavaorJavaScript	t_tAtaZqPDU
8	YfaJ20vXcK8
JavaScriptTutorial-HowtostoredataonHTMLelement	on8ANTYvmQo
HTMLvideotutorial-44-htmllinktoemailaddress	XGmPSB2TscY
HTMLMailto	Pqth_SIFwcc
Howtocreateanemaillinkinhtml	MEVmYqs8PgI
TrackingMailtolinkswithGoogleTagManagerandGoogleAnalytics	v5XDcH1tNm0
HTMLTutorialHowtoCreateanEmailLinkUsingHTML	j_lo8rvpsh4
HowtocreateamailtolinkinHTML&stylemailtolinkusingCSS?	Svx-5wt6UkQ
HTMLEmailLinkTag(Bangla)	croCXNPMeGw
Mailtolinks	hBpeuPke3Hk
HowtoCreateaHTMLEmailinGmail	MsMSqhMlfao
Howtomakeahyperlink(clickablelinkorimage)inhtml	hNuCxUVWUyg
ImageAslinki	eF5FSIrbZFk
SendOutlookE-mailfromVBAExcelwithHTMLTags(Video4of4)	wuoV47SQeKU
HTMLforMacpart2-Theimageandlinktags	qT57elCoBCU
HTMLandCSSBeginnerTutorial5:AddVideoandAudioMediaPlayerinHTMLWebPage	cFPStnsFwAE
HTML5TutorialForBeginners-part4of6-AudioandVideo	4I1WgJz_lmA
1	V8_wEZD160g
UseAUDIOandVIDEOHTML5ElementsforMultimedia	SD_doskbpyc
Howtoaddvideooraudiotoyourwebsiteusingnotepad	ySS8RJC-xoQ
(6\36)AttributesforHTML5VideoElement	0V2tURKi1gE
HTML-multimediaembed[TAMIL]	9EUE89zwpls
Dreamweavertutorial:AddingAudioandVideotoyourhtmlwebpage	AbD-hgdTj80
HTML5videotutorial:ExploringtheHTML5videotag|lynda	iyafB0VCLsA
HTML5-HowToAddAudioInaWebpage(html)2018	5ZeHXsCDav8
HTMLvideotutorial-39-htmlembeddinganimage	VvQ4oVVoq3A
HTML|HTMLMultimedia-AudioandVideo(Part1)|EmbeddingAudioandVideoinHtmlPages|	IfMdisS5Xxc
HTML|HTMLMultimedia-CodesfortheImageOperations(Chap7)|AddingAnimatedImagesinWebPage	BY47OPSEFLs
HTMLEntityCodeEntityName|HTML5Bangla|Part13	s9sjM8SjXAc
HTMLWebDesignTutorials:HTMLentitiesforinsertingspecialcharactersLesson28	d10_B35G-2Q
FlatIconsHTMLCodeSymbolsDiscoveryJavaScript	5G-XFiAHtpU
HTML:-AddSpecialCharactersInWebpageUsingHTMLEntities?	2hDkxc9JQuU
No7:HTMLCharacterEntities:HTML5TutorialForBeginners[HD1080p]	zX_nfsZYyD8
PHPreplacecharacterswithiconsemoticonstutorial	UuplJsiz3ag
CharsetAttributeOfAnchorTagInHTML	rEN8Wo98Zik
HowtoCreateWebPagesUsingHTML:HowtoAddCopyrightSymbolstoaWebPage	SWnL8F117vM
HTMLWebDesignTutorials:HTMLCharacterSetLesson29	ZKd2cL8YxWE
HTML5-CharacterEntities	ZSzp4H5aYWk
Learnhtmlcharacter,symbolsandcurrencyvideotutorialsinHindi	VYAkAMSeFOI
UsingHTMLEscaping-WebDevelopment	Hp-z-SVf3fw
RestrictTextInputCharactersHTMLJavaScriptTutorial	OpajusnOfYo
BoomerangTrickShots|DudePerfect	S9KxqRUcnCU
BloodVessels,part1-FormandFunction:CrashCourseA&P#27	v43ej5lCeBo
Howtounlockaschlagelockwithabumpkeyandhowtomakeit	gROEh3TunUo
17	Kd751kV03dE
TheHeart,part1-UnderPressure:CrashCourseA&P#25	X9ZZ6tcxArI
(OfficialMovie)THRIVE:WhatOnEarthWillItTake?	lEV5AFFcZ-s
JavaScripttoautomaticallytabtonexttextbox	cOsuSrN8BJI
FocusRing!--A11ycasts#16	ilj2P5-5CjI
GoogleI\OKeynote(GoogleI\O'17)	Y2VF8tmLFHw
UIButton(OnClickevent)[Tutorial][C#]-Unity3d	TYzdhiRiKd0
JavaProgrammingTutorial-6-GettingUserInput	5DdacOkrTgo
HTMLvideotutorial-19-htmlfonttag	Qy_VX9j4SV8
HowtoChangeColor,Font,andSizeofaTextinHTML	nIxeAiEsi0k
CSSTutorialforBeginners-02-Changingfonttype,color,andsize	UO0ZPL8yMpU
Fonttag--HTMLparagraphinHindi(part3\7)[htmlinHindi]	V5KQCUkBvBA
4	-UvL0uAW6TA
CSSvideotutorial-58-CSSfontfamilypropertyvsHTMLfaceattribute	Zw7o90xF4Mg
HTMLFontColor,FontFaceandFontSize|HTML5Bangla|Part08	e5UsUtLaPPY
HTMLTutorial4:FontFaceandSizes	0HydT14kJds
Class03||Changingfonttype,color,backgroundandsize||LearnCSSTutorial||Tamil||JATech	NfiavHWsA9k
TTP|HTML|LE04-CharacterFormatting:font(size,color),bold,italic,underline,strong,preformatted	DmEedGSnhds
EasilyUseAnyFontOnAnyWebsite-@font-faceTutorial	QhhYZJFOZnY
HtmlFontColorandSize	8O-gSFu8Sx4
HTMLAndCSS-FontsTutorial\FontColor,Face,Size&TypeinHTML	3jDPDclIWXw
CSSTutorials#5-HowToChangeYourFont	OxKmzM7IXr0
HowtoUseCustomfontsOnYourWebsitewith@font-face	oiT5IJ8nmBQ
HowtochangethedefaultfontinWindows®8	tBxoR4TBdks
FlStudiofont\textFix(Mac&Win)	lUQoHrqNKuk
HowtofixallWindows7Fontproblems	-YvRa2u58nI
ChangingWebpageFontinInternetExplorer®10browser	DrkifQrbv38
HowtoChangeFontsinInternetExplorer®11onWindows®8	vA62_CWGKWU
ChangingyourApplicationicons	7-ee1upiCpA
HowtoinstallBanglaFontsinWindows?(FreeDownload)	8FcmF3uGxzM
HowtouseStickyNotes:FontColourandSize	WbrasjCgxnw
HowtouseGooglefontsinPhotoshoporIllustrator	cD8jOLYyaUo
HowToEasilyChangeTextSize(FontSize)InWindows8	ZWw7cnOvl58
GoogleHackathononAIR-FontOptimization	nY8QMrvXu_o
HowtooverrideallfontandcolorsettingsforwebsitesinInternetExplorer®11:Windows®8	SxV8tDQvHwA
HowaCharacterLCDworksPart1	hZRL8luuPb8
WebDevelopment-UnderstandingTechnology-byCS50atHarvard	U6hkOAnFJxM
EmacsOrg-mode-asystemfornote-takingandprojectplanning	oJTwQvgfgMM
ConvertingMyCPUtoVerilogViaLogisimEvolution(forEventualFPGABoard?)	zh_X6_6jCik
ExcelForNoobsPart42:FontFormatsStrikethrough,Superscript&SubscriptHowToExcel20162013	kH0wenmugF4
LearnHTMLcode:subscriptsuperscript	wymR_DROKAA
Bootstrapparagraphs	TueaztnRkAQ
bdo,center,sup,sub,smalltags--HTMLparagraphinHindi(part6\7)[htmlinHindi]	XG1dW-pOVQ4
HTML5Tutorialforbeginners-Malayalam-Part-5	5j-AMBds7JE
HowtoMakeaLetterorNumberSuperscriptonMicrosoftWord:MicrosoftWordHelp	7NSx4Kl3f4k
HowtoStrikeOuttextinHTML|StrikeOuttextinHTML|LearnHTML	LlTvl5C_uIc
ExcelForNoobsPart43:HorizontalTextAlignmentLeftRightJustifyDistributedExcel20162013	2zC2TSy5MEU
HowtoCreateTextBoxandInputTagMaxlengthinHTMLforms--English040-vlrtraining	W1DGHeM0ta0
HTMLWebDesignTutorials:HTMLFormTextInputFieldandHTMLPasswordLesson21	pBcRt94KqHI
JavaScriptbeginnertutorial30-formvalidationtextboxesandpasswords	y5UEXujzSag
HTMLTutorial16-RadioButtonsandCheckboxes(Forms)	poEjvRJ6SAY
HTMLandCSSTutorial15:Textarea	GWa1HC5vHMI
HTMLTutorial15-CreatingHTMLForms	GNuCNQDGBnk
AlignHTMLinputfieldsWITHOUTtable;useCSS,JSF,position:absolute	ktD9qeciM6E
C#Tutorial3:PasswordProtectionusingTextbox	F3c1NKcHWMg
QTC++GUITutorial10-howtouseQLineEditaspasswordfield	TiLpJWa1MWs
TextareainHTML	TGReUYV-IS8
Show\HideusertypedpasswordinHTMLform	9TxOsI1EIb0
FormInputType-datetime:HTML5	VKRuSryBaNk
Javascriptlesson3-acceptinginputfromuserusingmessageboxorhtmlform	a0qDV0Nivfw
Bootstrapformvalidationstates	HvUC-o35gzg
RestrictTextInputCharactersHTMLJavaScriptTutorial	OpajusnOfYo
HTML-Frameset	ZPvB1bjw3R0
HTMLvideotutorial-35-htmltargetattribute	bQPRYS7Gx1I
HTMLiframeExampleandTutorial	t2ByLmLnYJ8
LearnHTMLTutorialinHindi23framesandframesetwithexample	wpowZ-uGiMA
LearnHTMLTutorialinHindi24nestedframeswithexample	4JCmMA5zAYA
HTMLvideotutorial-75-nestingofframesettags	KKG33uOuXDk
FixWindowsErrorsbyRe-registeringAllYourDLL'sbyBritec	t-6dmZjDZjw
LearnHTMLTutorial23framesandframesetwithexample	kcGB_ICao58
HowToiFrameAURLIntoYourWebsite	LuZn2IMMx_A
Lecture-15HTML-Part-III	WRdTXaz4_Ls
TheWORSTBlockInMTG|PrettyDeece	ByIwCE186dg
VideocommunicationsoniOS(KrankyGeekWebRTC2016)	JB2MdcY1MKs
EnglishGoogleWebmasterCentraloffice-hourshangout	yFbgAEFWtTo
AndroidDeveloperOfficeHours(July25)	ICNsFUlTIlQ
Famo	bzjDYzOHSAE
htmlinBengaliTutorial-5-headtag,titletag,metatag,linktagandstyletag	zXNg16nkAsQ
LEARNHTML5TutorialForBeginners6#Ruby,RT,andRPTags	gILKk1k4jOo
LEARNHTML5IN5DAYSPART13DROPDOWNANDOPTGROUP	L5_i0HmoZE4
LEARNHTML5IN5DAYSPART14METERANDMAPTAG	SWsHL4V65RY
LEARNHTML5IN5DAYSPART17DATEPICKER	7lMdzYQ0rzk
HTMLHead&Metatags|CodingLab	R5ZGC86omGQ
LEARNHTML5IN5DAYSPART19URL,MONTH,NUMBER,WEEK	RKbszaQBiyY
HowtoprograminHTML#12-MetaTags	ihbPUHa_eCQ
HTMLiframeExampleandTutorial	t2ByLmLnYJ8
HTMLvideotutorial-77-iframetagvsobjectembedtags	ZNy2ajRiGXc
HTMLvideotutorial-76-htmliframetag	dhV0DvtKfBc
SandboxAttributeOfIframeTagInHTMLwithallvaluesexplained|allow-same-origin|allow	Zj3nUbLpqn4
MarginheightAttributeOfIframetagInHTML	mJXUcgZbv_A
HTML-IFrames	uf_vad2ViPM
MarginwidthAttributeOfIframeTagInHTML	vCp83yPHBBY
SrcdocAttributeOfIframeTagInHTML	9_T5ELPbdqM
NameAttributeOfIframeTagInHTML	-mNbyhL1Mjo
LearnHTMLTutorial25iframeswithexample	56Oq3gVdNio
ASimplejQueryScripttoChangeaniFrameSource	XOImgofFhpE
HTMLTutorialforBeginners:12DisplayingPagesinaniFrame	4HvLMXcgqaQ
HTMLvideotutorial-45-htmlimagemap	6PMgqzGGDRU
HTMLTutorial4-ImageMapping(Beginners)	VjHXZkq69s8
Howtocreateaclickableimagemapwithhtml	ECi8LwHwhpg
HowtomakeanimagemapinHTML	YkdWRBL2BsM
ResponsiveImageMapsNewUpdate	zauLcSpxC1E
HTMLImageMap	vDwDtp4fCkU
HowtoMakeanHTMLImageMapinGIMP	jnG0nJbAoSM
HTMLTutorial3-AddingImages&BackgroundsToYourHTMLWebsite	ouumT9LoMLk
HTML\PHPContactFormTutorialwithValidationandEmailSubmit	1CkBsGhux9U
HTMLDemo7ImageMapping	myCh0bMP1Qo
UsePainttoAddYourTextorLinktoanImage	WfrMYrcW1VY
HowtoCenteranImageHorizontally(CSS&HTMLTutorial)	jiA7BRTL1A0
HowtoVerticallyAlignTextnexttoanImage	IDcf8Ig-05Y
Howtoshowmovingtext,imageonaHTMLwebpage	n0VHUksKeZw
Bootstraptutorial10-Images	x99gNzHtm0k
Draganddropphotosorimagesintoworddocument	zh6y3sGwImU
DreamweaverCS6tutorial:Positioningelements|lynda	dDQ3jzMWdTA
HowtoCreateWebPagesUsingHTML:HowtoAddaPicturetoaWebPage	POBsLGs-Yjw
CreatingagridofimageswithCSS	stucKrWheVM
Htmltutorial5resizingimages,andcenteringthem	EsXNzFtHOFk
Addimageslideshowtoyourwebsiteusingaspnetajaxandc#Part134	iqAc26kzPak
L8divs,padding,&margins	MtunKPBgyPE
[HTML]Show\HideFormElementsUsingJavaScript[HD]	r-prr42brhI
JavascriptTutorial|EventHandlersinJavascript	7UstS0hsHgI
JavaScript:ShowandhideDIV's	tFSsKSQB-CI
JavascriptFormSelectChangeOptionsTutorialDynamicListElementsHTML5	UliJeDbc4cw
StickyNavigationTutorial(FixedPositionCSS+JavaScript\jQuery)	utonytGKodc
JavaScriptpopupwindow	DYJQ9Rng8Xc
JavaScripttoshowhidedivonbuttonclick	sxZhsBLg2Ls
Show\hidehtmltableelementsondropdownchangeusingJavascript[Under5minutes]	vxIg8a3E0k8
WixCode|HowtoAddCustomInteractionswithJavaScript	4hym1nbqua8
HowtocreateimageslideshowusingJavaScript	jAYjisNyhgc
Javascriptlesson3-acceptinginputfromuserusingmessageboxorhtmlform	a0qDV0Nivfw
JavascriptTutorial9-EventHandlersandButtons	CbaiF6G6CIw
WebWorkers:CodeSession-Supercharged	X57mh8tKkgE
Angular2EventBinding	g8ofqqT_UAM
PhilipRoberts:Whattheheckistheeventloopanyway?|JSConfEU	8aGhZQkoFbQ
ThreeColumnDivLayoutTutorial	RsZCiPadCU4
BootstrapGridSystem	GDwWmrpCa30
HTMLTraining-29-TableLayouts	EiP1-LJMfKE
HTMLvideotutorial-62-htmltablerowspanandtablecolspanattribute	Qpx6uquFOms
CSSGridTutorial#2-Columns	d-MHl_Q_hp8
DivbasedHTMLlayout-Tablelessdesign:LESSON3	NNDkMIyKfaw
HTML:LayoutwithDiv	PDTbdY98bJw
MakeAdvancedTablesUsingHTML&CSS	nQqQsuBLh-g
HTMLLayoutswithDIVelements	S7CLTXJoUDg
StylingDIV'susingCSStechniques	Xv1gLAJAz-U
HTMLvideotutorial-88-layoutdesignusingtablevsdivtag-Part1	BcEEMDCc_SM
TablesvsDivs-Justwritecleancode!	gAXxJ_BUBww
Howtobuildawebpagedivstructureinunder10minutes	2sxz1duInsk
3columnlayoutintable-HTMLTutorialforBeginnersPart18	cI0tRa6gl3M
CenterDIVContainersonaWebPage	WOQJIVcxeQY
HTMLLISTTAG|ORDEREDLIST(OLtag)WITHATTRIBUTES|WITHEXAMPLES|POWERPOINTPRESENTATION(ppt)	I5PNeK9zM6A
HTML5TutorialForBeginners10#HTMLLists(OrderedLists,UnorderedLists,DefinitionLists)	aYZz7Y11zs0
HTMLTutorialinHindi4(HTMLLists-Ordered,unordered,Definition)	hiT-SP_SIRo
LearnHTML-Part3-OLandItsattributes,ULandItsattributes	vCv0ygEJaDk
HTMLLecture3-Ordered,UnorderedandDescription\DefinitionLists	7d5TigU-Olk
SimpleOrderedandUnorderedlist--HTMLListinhindi(part1\3)[HTMLinhindi]	dH6NkwJrdmY
htmlorderedlistandattributes	r88IvY8QIB4
HTMLvideotutorial-33-htmldltag,htmldttagandhtmlddtag	NIdqMpv_Omk
Htmllistattributes	9qLscYbj8kg
HTML5-Chapter6-HTML5formattributes(autocomplete,autofocus,list,max,min,multiple)	cyPvW-yNWHA
37	ZPJ4H1H8okc
HTMLTutorialinEnglish4(HTMLLists-Ordered,unordered,Definition)	NvSuOmNQO9E
HTMLLists,|Definition\DescriptionList|Lec-14|HTMLtutorialforbeginnersinUrdu\Hindi|	bBsdYhd3TbA
HTMLvideotutorial-29-htmlmarqueetag	4c7VLPZNW5w
HTMLTutorial-ScrollingContent(MarqueeTag)	iW6s_dvls38
MarqueeScrollinganimationontextandimagesinHTMLinHindi	jngBi6bHNhA
PureCSSScrollingMarquee	tsrsSiYueTk
allaboutmarqueetaginhtml-14wayusedmarqueetag-htmltutorial	ktkeWgDscN4
HTMLMarqueetag,Pretag|WebTechnologiesTutorial	aShpXTo6kv0
HTMLTutorial01DocumentStructureandDoctype	X7jNwOlPCFU
13	ZW8qI1HvYJs
2Whatdoesthedoctypedefinitionmean	iU-Wh9lmnM8
WhatIsDOCTYPEInHTML?	-nzV5MlFIkM
DoctypeandListsinHTMLCode|LearnHTMLandCSS	tcgkkmXjFUw
HowtostructureanHTMLdocumentandhowDOCTYPEworks	gG2oLVqqgh8
Understandingthebasichtml5structure|HTMLTutorialsSeries2016#5	l0US6YnCySU
TheDOCTYPEDeclarationofHTML	YgfrIZLJdGA
Vid1:AnIntrotoHTML,Doctype,tags,andmore	lczwHHXBCVw
HTMLCSS,InlineCSS,InternalCSS,ExternalCSS3WaystoStyleHTMLwithCSSPart1	-RiNCe-TdJA
CSSTutorialforBeginners-10-Usinganexternalstylesheet	QT_lIti-8Zk
HowdoIconnectmyCSSstylesheettomyHTMLpage?	aqo3Z_d17xM
WhatisCSS?TypesofCSS?WithExample-MustWatch	V0RpAKciH0I
CSSLecture3-WaystoInsertCSSinHTMLDocument,Internal,InlineandExternalStyleSheet	aBfC95Gj78g
LearnhowtouseanExternalCSSStylesheetonHTML	EmGO3WSbugU
CSSInternalStyleSheet-Hindi	pcnDfe7w9_g
BlackboardusingaccessibleHTMLtemplatewithCascadingStyleSheets(CSS)	3e-KMV-aXxU
Internal,External,InlineStylesinCSSandHTMLpart-3--Telugu036-vlrtraining	3jcO_eG4MPk
InlineStyleinCSS(Hindi)	gG7zNZgDKv4
Day8YourFirstStylesheet(LearnHTML&CSSin30days)	qCU8rbRTGfY
IntrotoHTMLandCSSpart14-ExternalStyleSheet	BVjY_xwRkFM
[हिन्दी]Lesson6:HowtocreateHTMLTables|ForBeginners-LearnHTMLTablesin5Minutes	4HFYAUnbTJI
HTML5:Tables-Rows,Columns,Header&Footer	jsz9ASVEw8I
CreatingHTMLTablewithHeader,Row&DataTagandSyntaxCodes	MeB9bliPRfA
Basictable--HTMLtableinHindi(part2\7)[htmlinhindi]	tEIX0N8T4Bk
HowToEditTheWordPressHeader|WPLearningLab	XCq475GzyR0
CRACKKIDS	Z3UDBUKHQeg
HTML&HTML5BasicExamplesTutorialBangla2	Jx7cl35fwJ0
HTMLandCSSTutorialforbeginners47-htmliframeelement	PaV6pL4z7iY
LinkTaginHTML--English-vlrtraining	HOf5VnSYUHg
HTMLTutorial10CreatingInternalLinks-Linkingyourpagestogether-Part1	BNXWQONM9PA
JavaScriptpopupwindow	DYJQ9Rng8Xc
DreamweaverTutorial-WebTextBoxesinDreamweaver1of2	c8_QQQMIHEM
C#Tutorial93:HowtolistFilesandFoldersintheselecteddirectoryinalistbox	EQa_3YiUicw
HowtoAddTableswithData,ImagesandLinksInWordPress	iEjFk8BdL18
BluePrismVideoTutorial|022|Automatingwebapplications-Part1-SpyingHTMLelements	ZFAXAhWs2mA
Illustrator:Howtocreatetextonapath|lynda	rLWNXQE7x_0
HTMLTutorial15-CreatingHTMLForms	GNuCNQDGBnk
Javascriptlesson3-acceptinginputfromuserusingmessageboxorhtmlform	a0qDV0Nivfw
MicrosoftAccessOpenFormtoSpecificRecord	RILqSTAAQpM
C#Tutorial22:Checkbox,radiobuttonandgroupboxwithDatabaseinC#	VHSIAz-WVDA
JavaScriptCookies	VqzSex_2tDc
Tutorial2:MicrosoftVisualStudio2010-HowtoMakeaButtonOpenAnotherWebsite,ExternalLink	rb1F9_q0su0
HowtoMakeaCellDropDownListinExcel2010	xU-q1-dtGxI
AccessTip:HowtoUseImagesandOLEObjectsinyourDatabase	7qmM0UT-u1I
ASP	EuFuq-b_dHo
Front-EndDevelopment,HTML&CSS,Javascript&jQuerybyJonDuckett|BookReview	9VnjAQTUf5k
BooksforBeginners,HTMLandCSS,JavascriptandJquerybyJonDuckett-@kylejson	VnFyO5HzWEg
Ch02-04HTML:Quotations	0LdUu1Hn-WE
IntroductiontoHTMLProgramming	fS7w-TXinPE
LearnHTMLin12Minutes	bWPMSSsVdPk
HTMLTutorialforBeginners:02Tools&ResourcesYouNeedtoWriteHTMLCode	VTwGEVXyImc
WebDevelopmentTutorialforBeginners(#1)-HowtobuildwebpageswithHTML,CSS,Javascript	3JluqTojuME
AddURLLinksinTextBoxeswithHTML-Video4	bds69nKaHvE
WebDevelopmentin2018-APracticalGuide	Zftx68K-1D4
HTMLTutorialforBeginners:03CreatingYourFirstWebsitewithHTML	jlPnlVWvqoE
⭕IFORGOThowtocodeHTML&CSSatwork!(truestory)|WebDevelopment2018	2u_c4TtYQ2E
HTML&CSSDesignandBuildWebsitesbyJonDuckettReview	5VLrDOmBICE
Bestbookforcoding!!!!GETCODINGEXCLUSIVEBOOKREVIEW|HTML,CSS,JAVASCRIPT|	y7aCcQEQ6sU
05HTMLTags,Elements,Attributes	Bjuzw5RjKaI
6	tS5YdCQ7JEc
HTML5hyperlinks-4(bookmarks)linkingtoaspecificsectioninanotherwebpage	Vg-fEVtmQVI
HTMLForBeginnersTutorial#1TheBasicsOfHTML	nq64DmdDrRQ
HTMLTutorialforBeginners:06NestingHTMLCode&Tags	kExoPgqKEU0
HTMLTutorialforBeginners:14AddYouTubeVideosw\HTMLtoYourWebsite	fJHjyKuk7DM
InstallingandworkingVisualStudio2017forMacOS	nMcBWHuhDio
HowToMakeAnOperatingSystem	6MJUGVFAXKg
32SecretCombinationsonYourKeyboard	WGuFofNF1Pk
InstallXCodewithinWindows	sb8BdYH4esQ
C#TutorialforBeginners:LearnC#fromScratch	gfkTfcpWqAY
IntroducingVisualStudioforMac	WSFgUr2pIRk
HowtoInstallMicrosoftOfficeOnMacOSXForFree	h0526vEwqrs
ProgrammingonaMacvs	O1IWEJkch38
ChangeyourMac'sLanguage	xWUsUEFlpXI
SetupVisualStudioCodeMac	SKV0npCFxFs
HowtochangelanguageinWindows7SP1anyversion	NwdmukiE7xM
HowtochangedefaultlanguageinVisualStudio2017	g9iFS_GzGrI
